,,"各縣(市)","總預算彙編",,,,,,,,,
,,"","",,,,,,,,,
,,"中華民國","九十Nt^",,"   單位：新臺幣千元收支性質表      項        目本 年 度 預 算 數上 年 度 預 算 數	前 次 決 算 數對照科目本年度部分與簡明比較分析表勾稽上年度部分與簡明比較表勾稽前年度部分與簡明比較表勾稽本年度部分與融資調度財源比較分析表勾稽本年度部分與歲入來源別及歲出政事別等總表勾稽	N錰㡽聞႕鞘㙻⽥٥金    額0ÿ(N)“}8^6eeQ與歲入總額經常收入1.直接稅收入與稅課收入稅課收入2.間接稅收入3.賦稅外收入(二)經常支出與歲出總額經常支出1.N,‚“}8^/eúQ2.債務利息及事務支出與債務付息債務付息3.預備金預備金與用途別之預備金勾稽	(三)經常收支賸餘	二윰Ⲍ聧႕鞘㙻⽥ݥ(N)ÇŒ,g6eeQ資本收入1.減少資產收入減少財產收入2.收回投資基金及其他收入(二)資本支出資本支出1.增置或擴充改良資產支出2.增加投資支出	(三)資本收支短絀三爰敫牑恵ၷ
6e  /e  '`  êŒ  ÊS  ™	
7
@}  !|  f  R  g  hˆ	
7	‚î]íw(rkŠøŒ™)7±@<0|<P|<p|<!ç¸½é ç®—å½™ç·¨!ä¸è¯æ°‘åœ‹!ä¹åNt^±^   å–®ä½ï¼šæ–°è‡ºå¹£åƒå…ƒæ”¶æ”¯æ€§è³ªè¡¨      é …        ç›®æœ¬ å¹´ åº¦ é  ç®— æ•¸ä¸Š å¹´ åº¦ é  ç®— æ•¸	å‰ æ¬¡ æ±º ç®— æ•¸å°ç…§ç§‘ç›®æœ¬å¹´åº¦éƒ¨åˆ†èˆ‡ç°¡æ˜Žæ¯”è¼ƒåˆ†æžè¡¨å‹¾ç¨½ä¸Šå¹´åº¦éƒ¨åˆ†èˆ‡ç°¡æ˜Žæ¯”è¼ƒè¡¨å‹¾ç¨½å‰å¹´åº¦éƒ¨åˆ†èˆ‡ç°¡æ˜Žæ¯”è¼ƒè¡¨å‹¾ç¨½æœ¬å¹´åº¦éƒ¨åˆ†èˆ‡èžè³‡èª¿åº¦è²¡æºæ¯”è¼ƒåˆ†æžè¡¨å‹¾ç¨½æœ¬å¹´åº¦éƒ¨åˆ†èˆ‡æ²å…¥ä¾†æºåˆ¥åŠæ²å‡ºæ”¿äº‹åˆ¥ç‰ç¸½è¡¨å‹¾ç¨½	NéŒ°ã¡½èžá‚•éž˜ã™»â½¥Ù¥é‡‘    é¡0Ã¿(N)â€œ}8^6eeQèˆ‡æ²å…¥ç¸½é¡ç¶“å¸¸æ”¶å…¥1.ç›´æŽ¥ç¨…æ”¶å…¥èˆ‡ç¨…èª²æ”¶å…¥ç¨…èª²æ”¶å…¥2.é–“æŽ¥ç¨…æ”¶å…¥3.è³¦ç¨…å¤–æ”¶å…¥(äºŒ)ç¶“å¸¸æ”¯å‡ºèˆ‡æ²å‡ºç¸½é¡ç¶“å¸¸æ”¯å‡º1.N,â€šâ€œ}8^/eÃºQ2.å‚µå‹™åˆ©æ¯åŠäº‹å‹™æ”¯å‡ºèˆ‡å‚µå‹™ä»˜æ¯å‚µå‹™ä»˜æ¯3.é å‚™é‡‘é å‚™é‡‘èˆ‡ç”¨é€”åˆ¥ä¹‹é å‚™é‡‘å‹¾ç¨½	(ä¸‰)ç¶“å¸¸æ”¶æ”¯è³¸é¤˜	äºŒìœ°â²Œè§á‚•éž˜ã™»â½¥Ý¥(N)Ã‡Å’,g6eeQè³‡æœ¬æ”¶å…¥1.æ¸›å°‘è³‡ç”¢æ”¶å…¥æ¸›å°‘è²¡ç”¢æ”¶å…¥2.æ”¶å›žæŠ•è³‡åŸºé‡‘åŠå…¶ä»–æ”¶å…¥(äºŒ)è³‡æœ¬æ”¯å‡ºè³‡æœ¬æ”¯å‡º1.å¢žç½®æˆ–æ“´å……æ”¹è‰¯è³‡ç”¢æ”¯å‡º2.å¢žåŠ æŠ•è³‡æ”¯å‡º	(ä¸‰)è³‡æœ¬æ”¶æ”¯çŸçµ€ä¸‰çˆ°æ•«ç‰‘ï©«î¹‘îµá·
6e  /e  '`  ÃªÅ’  ÃŠS  â„¢	
7
@}  !|  f  R  g  hË†	
7	â€šÃ®]Ãw(rkÅ Ã¸Å’â„¢)7Â±@<0|<P|<p|<!Ã§Â¸Â½Ã©Â Ã§Â®â€”Ã¥Â½â„¢Ã§Â·Â¨!Ã¤Â¸Ã¨Â¯Ã¦Â°â€˜Ã¥Å“â€¹!Ã¤Â¹Ã¥Nt^Â±^   Ã¥â€“Â®Ã¤Â½Ã¯Â¼Å¡Ã¦â€“Â°Ã¨â€¡ÂºÃ¥Â¹Â£Ã¥Æ’Ã¥â€¦Æ’Ã¦â€Â¶Ã¦â€Â¯Ã¦â‚¬Â§Ã¨Â³ÂªÃ¨Â¡Â¨      Ã©Â â€¦        Ã§â€ºÂ®Ã¦Å“Â¬ Ã¥Â¹Â´ Ã¥ÂºÂ¦ Ã©Â  Ã§Â®â€” Ã¦â€¢Â¸Ã¤Â¸Å  Ã¥Â¹Â´ Ã¥ÂºÂ¦ Ã©Â  Ã§Â®â€” Ã¦â€¢Â¸	Ã¥â€° Ã¦Â¬Â¡ Ã¦Â±Âº Ã§Â®â€” Ã¦â€¢Â¸Ã¥Â°Ã§â€¦Â§Ã§Â§â€˜Ã§â€ºÂ®Ã¦Å“Â¬Ã¥Â¹Â´Ã¥ÂºÂ¦Ã©Æ’Â¨Ã¥Ë†â€ Ã¨Ë†â€¡Ã§Â°Â¡Ã¦ËœÅ½Ã¦Â¯â€Ã¨Â¼Æ’Ã¥Ë†â€ Ã¦Å¾Ã¨Â¡Â¨Ã¥â€¹Â¾Ã§Â¨Â½Ã¤Â¸Å Ã¥Â¹Â´Ã¥ÂºÂ¦Ã©Æ’Â¨Ã¥Ë†â€ Ã¨Ë†â€¡Ã§Â°Â¡Ã¦ËœÅ½Ã¦Â¯â€Ã¨Â¼Æ’Ã¨Â¡Â¨Ã¥â€¹Â¾Ã§Â¨Â½Ã¥â€°Ã¥Â¹Â´Ã¥ÂºÂ¦Ã©Æ’Â¨Ã¥Ë†â€ Ã¨Ë†â€¡Ã§Â°Â¡Ã¦ËœÅ½Ã¦Â¯â€Ã¨Â¼Æ’Ã¨Â¡Â¨Ã¥â€¹Â¾Ã§Â¨Â½Ã¦Å“Â¬Ã¥Â¹Â´Ã¥ÂºÂ¦Ã©Æ’Â¨Ã¥Ë†â€ Ã¨Ë†â€¡Ã¨Å¾Ã¨Â³â€¡Ã¨ÂªÂ¿Ã¥ÂºÂ¦Ã¨Â²Â¡Ã¦ÂºÃ¦Â¯â€Ã¨Â¼Æ’Ã¥Ë†â€ Ã¦Å¾Ã¨Â¡Â¨Ã¥â€¹Â¾Ã§Â¨Â½Ã¦Å“Â¬Ã¥Â¹Â´Ã¥ÂºÂ¦Ã©Æ’Â¨Ã¥Ë†â€ Ã¨Ë†â€¡Ã¦Â²Ã¥â€¦Â¥Ã¤Â¾â€ Ã¦ÂºÃ¥Ë†Â¥Ã¥Å Ã¦Â²Ã¥â€¡ÂºÃ¦â€Â¿Ã¤Âºâ€¹Ã¥Ë†Â¥Ã§â€°Ã§Â¸Â½Ã¨Â¡Â¨Ã¥â€¹Â¾Ã§Â¨Â½	NÃ©Å’Â°Ã£Â¡Â½Ã¨Å¾Ã¡â€šâ€¢Ã©Å¾ËœÃ£â„¢Â»Ã¢Â½Â¥Ã™Â¥Ã©â€¡â€˜    Ã©Â¡0ÃƒÂ¿(N)Ã¢â‚¬Å“}8^6eeQÃ¨Ë†â€¡Ã¦Â²Ã¥â€¦Â¥Ã§Â¸Â½Ã©Â¡Ã§Â¶â€œÃ¥Â¸Â¸Ã¦â€Â¶Ã¥â€¦Â¥1.Ã§â€ºÂ´Ã¦Å½Â¥Ã§Â¨â€¦Ã¦â€Â¶Ã¥â€¦Â¥Ã¨Ë†â€¡Ã§Â¨â€¦Ã¨ÂªÂ²Ã¦â€Â¶Ã¥â€¦Â¥Ã§Â¨â€¦Ã¨ÂªÂ²Ã¦â€Â¶Ã¥â€¦Â¥2.Ã©â€“â€œÃ¦Å½Â¥Ã§Â¨â€¦Ã¦â€Â¶Ã¥â€¦Â¥3.Ã¨Â³Â¦Ã§Â¨â€¦Ã¥Â¤â€“Ã¦â€Â¶Ã¥â€¦Â¥(Ã¤ÂºÅ’)Ã§Â¶â€œÃ¥Â¸Â¸Ã¦â€Â¯Ã¥â€¡ÂºÃ¨Ë†â€¡Ã¦Â²Ã¥â€¡ÂºÃ§Â¸Â½Ã©Â¡Ã§Â¶â€œÃ¥Â¸Â¸Ã¦â€Â¯Ã¥â€¡Âº1.N,Ã¢â‚¬Å¡Ã¢â‚¬Å“}8^/eÃƒÂºQ2.Ã¥â€šÂµÃ¥â€¹â„¢Ã¥Ë†Â©Ã¦Â¯Ã¥Å Ã¤Âºâ€¹Ã¥â€¹â„¢Ã¦â€Â¯Ã¥â€¡ÂºÃ¨Ë†â€¡Ã¥â€šÂµÃ¥â€¹â„¢Ã¤Â»ËœÃ¦Â¯Ã¥â€šÂµÃ¥â€¹â„¢Ã¤Â»ËœÃ¦Â¯3.Ã©Â Ã¥â€šâ„¢Ã©â€¡â€˜Ã©Â Ã¥â€šâ„¢Ã©â€¡â€˜Ã¨Ë†â€¡Ã§â€Â¨Ã©â‚¬â€Ã¥Ë†Â¥Ã¤Â¹â€¹Ã©Â Ã¥â€šâ„¢Ã©â€¡â€˜Ã¥â€¹Â¾Ã§Â¨Â½	(Ã¤Â¸â€°)Ã§Â¶â€œÃ¥Â¸Â¸Ã¦â€Â¶Ã¦â€Â¯Ã¨Â³Â¸Ã©Â¤Ëœ	Ã¤ÂºÅ’Ã¬Å“Â°Ã¢Â²Å’Ã¨Â§Ã¡â€šâ€¢Ã©Å¾ËœÃ£â„¢Â»Ã¢Â½Â¥ÃÂ¥(N)Ãƒâ€¡Ã…â€™,g6eeQÃ¨Â³â€¡Ã¦Å“Â¬Ã¦â€Â¶Ã¥â€¦Â¥1.Ã¦Â¸â€ºÃ¥Â°â€˜Ã¨Â³â€¡Ã§â€Â¢Ã¦â€Â¶Ã¥â€¦Â¥Ã¦Â¸â€ºÃ¥Â°â€˜Ã¨Â²Â¡Ã§â€Â¢Ã¦â€Â¶Ã¥â€¦Â¥2.Ã¦â€Â¶Ã¥â€ºÅ¾Ã¦Å â€¢Ã¨Â³â€¡Ã¥Å¸ÂºÃ©â€¡â€˜Ã¥Å Ã¥â€¦Â¶Ã¤Â»â€“Ã¦â€Â¶Ã¥â€¦Â¥(Ã¤ÂºÅ’)Ã¨Â³â€¡Ã¦Å“Â¬Ã¦â€Â¯Ã¥â€¡ÂºÃ¨Â³â€¡Ã¦Å“Â¬Ã¦â€Â¯Ã¥â€¡Âº1.Ã¥Â¢Å¾Ã§Â½Â®Ã¦Ë†â€“Ã¦â€œÂ´Ã¥â€¦â€¦Ã¦â€Â¹Ã¨â€°Â¯Ã¨Â³â€¡Ã§â€Â¢Ã¦â€Â¯Ã¥â€¡Âº2.Ã¥Â¢Å¾Ã¥Å Â Ã¦Å â€¢Ã¨Â³â€¡Ã¦â€Â¯Ã¥â€¡Âº	(Ã¤Â¸â€°)Ã¨Â³â€¡Ã¦Å“Â¬Ã¦â€Â¶Ã¦â€Â¯Ã§Å¸Ã§Âµâ‚¬Ã¤Â¸â€°Ã§Ë†Â°Ã¦â€¢Â«Ã§â€°â€˜Ã¯Â©Â«Ã®Â¹â€˜Ã®ÂµÃ¡Â·
6e  /e  '`  ÃƒÂªÃ…â€™  ÃƒÅ S  Ã¢â€žÂ¢	
7
@}  !|  f  R  g  hÃ‹â€ 	
7	Ã¢â‚¬Å¡ÃƒÂ®]Ãƒw(rkÃ…Â ÃƒÂ¸Ã…â€™Ã¢â€žÂ¢)7Ã‚Â±@<0|<P|<p|<!ÃƒÂ§Ã‚Â¸Ã‚Â½ÃƒÂ©Ã‚Â ÃƒÂ§Ã‚Â®Ã¢â‚¬â€ÃƒÂ¥Ã‚Â½Ã¢â€žÂ¢ÃƒÂ§Ã‚Â·Ã‚Â¨!ÃƒÂ¤Ã‚Â¸ÃƒÂ¨Ã‚Â¯ÃƒÂ¦Ã‚Â°Ã¢â‚¬ËœÃƒÂ¥Ã…â€œÃ¢â‚¬Â¹!ÃƒÂ¤Ã‚Â¹ÃƒÂ¥Nt^Ã‚Â±^   ÃƒÂ¥Ã¢â‚¬â€œÃ‚Â®ÃƒÂ¤Ã‚Â½ÃƒÂ¯Ã‚Â¼Ã…Â¡ÃƒÂ¦Ã¢â‚¬â€œÃ‚Â°ÃƒÂ¨Ã¢â‚¬Â¡Ã‚ÂºÃƒÂ¥Ã‚Â¹Ã‚Â£ÃƒÂ¥Ã†â€™ÃƒÂ¥Ã¢â‚¬Â¦Ã†â€™ÃƒÂ¦Ã¢â‚¬Ã‚Â¶ÃƒÂ¦Ã¢â‚¬Ã‚Â¯ÃƒÂ¦Ã¢â€šÂ¬Ã‚Â§ÃƒÂ¨Ã‚Â³Ã‚ÂªÃƒÂ¨Ã‚Â¡Ã‚Â¨      ÃƒÂ©Ã‚Â Ã¢â‚¬Â¦        ÃƒÂ§Ã¢â‚¬ÂºÃ‚Â®ÃƒÂ¦Ã…â€œÃ‚Â¬ ÃƒÂ¥Ã‚Â¹Ã‚Â´ ÃƒÂ¥Ã‚ÂºÃ‚Â¦ ÃƒÂ©Ã‚Â  ÃƒÂ§Ã‚Â®Ã¢â‚¬â€ ÃƒÂ¦Ã¢â‚¬Â¢Ã‚Â¸ÃƒÂ¤Ã‚Â¸Ã…Â  ÃƒÂ¥Ã‚Â¹Ã‚Â´ ÃƒÂ¥Ã‚ÂºÃ‚Â¦ ÃƒÂ©Ã‚Â  ÃƒÂ§Ã‚Â®Ã¢â‚¬â€ ÃƒÂ¦Ã¢â‚¬Â¢Ã‚Â¸	ÃƒÂ¥Ã¢â‚¬Â° ÃƒÂ¦Ã‚Â¬Ã‚Â¡ ÃƒÂ¦Ã‚Â±Ã‚Âº ÃƒÂ§Ã‚Â®Ã¢â‚¬â€ ÃƒÂ¦Ã¢â‚¬Â¢Ã‚Â¸ÃƒÂ¥Ã‚Â°ÃƒÂ§Ã¢â‚¬Â¦Ã‚Â§ÃƒÂ§Ã‚Â§Ã¢â‚¬ËœÃƒÂ§Ã¢â‚¬ÂºÃ‚Â®ÃƒÂ¦Ã…â€œÃ‚Â¬ÃƒÂ¥Ã‚Â¹Ã‚Â´ÃƒÂ¥Ã‚ÂºÃ‚Â¦ÃƒÂ©Ã†â€™Ã‚Â¨ÃƒÂ¥Ã‹â€ Ã¢â‚¬Â ÃƒÂ¨Ã‹â€ Ã¢â‚¬Â¡ÃƒÂ§Ã‚Â°Ã‚Â¡ÃƒÂ¦Ã‹Å“Ã…Â½ÃƒÂ¦Ã‚Â¯Ã¢â‚¬ÃƒÂ¨Ã‚Â¼Ã†â€™ÃƒÂ¥Ã‹â€ Ã¢â‚¬Â ÃƒÂ¦Ã…Â¾ÃƒÂ¨Ã‚Â¡Ã‚Â¨ÃƒÂ¥Ã¢â‚¬Â¹Ã‚Â¾ÃƒÂ§Ã‚Â¨Ã‚Â½ÃƒÂ¤Ã‚Â¸Ã…Â ÃƒÂ¥Ã‚Â¹Ã‚Â´ÃƒÂ¥Ã‚ÂºÃ‚Â¦ÃƒÂ©Ã†â€™Ã‚Â¨ÃƒÂ¥Ã‹â€ Ã¢â‚¬Â ÃƒÂ¨Ã‹â€ Ã¢â‚¬Â¡ÃƒÂ§Ã‚Â°Ã‚Â¡ÃƒÂ¦Ã‹Å“Ã…Â½ÃƒÂ¦Ã‚Â¯Ã¢â‚¬ÃƒÂ¨Ã‚Â¼Ã†â€™ÃƒÂ¨Ã‚Â¡Ã‚Â¨ÃƒÂ¥Ã¢â‚¬Â¹Ã‚Â¾ÃƒÂ§Ã‚Â¨Ã‚Â½ÃƒÂ¥Ã¢â‚¬Â°ÃƒÂ¥Ã‚Â¹Ã‚Â´ÃƒÂ¥Ã‚ÂºÃ‚Â¦ÃƒÂ©Ã†â€™Ã‚Â¨ÃƒÂ¥Ã‹â€ Ã¢â‚¬Â ÃƒÂ¨Ã‹â€ Ã¢â‚¬Â¡ÃƒÂ§Ã‚Â°Ã‚Â¡ÃƒÂ¦Ã‹Å“Ã…Â½ÃƒÂ¦Ã‚Â¯Ã¢â‚¬ÃƒÂ¨Ã‚Â¼Ã†â€™ÃƒÂ¨Ã‚Â¡Ã‚Â¨ÃƒÂ¥Ã¢â‚¬Â¹Ã‚Â¾ÃƒÂ§Ã‚Â¨Ã‚Â½ÃƒÂ¦Ã…â€œÃ‚Â¬ÃƒÂ¥Ã‚Â¹Ã‚Â´ÃƒÂ¥Ã‚ÂºÃ‚Â¦ÃƒÂ©Ã†â€™Ã‚Â¨ÃƒÂ¥Ã‹â€ Ã¢â‚¬Â ÃƒÂ¨Ã‹â€ Ã¢â‚¬Â¡ÃƒÂ¨Ã…Â¾ÃƒÂ¨Ã‚Â³Ã¢â‚¬Â¡ÃƒÂ¨Ã‚ÂªÃ‚Â¿ÃƒÂ¥Ã‚ÂºÃ‚Â¦ÃƒÂ¨Ã‚Â²Ã‚Â¡ÃƒÂ¦Ã‚ÂºÃƒÂ¦Ã‚Â¯Ã¢â‚¬ÃƒÂ¨Ã‚Â¼Ã†â€™ÃƒÂ¥Ã‹â€ Ã¢â‚¬Â ÃƒÂ¦Ã…Â¾ÃƒÂ¨Ã‚Â¡Ã‚Â¨ÃƒÂ¥Ã¢â‚¬Â¹Ã‚Â¾ÃƒÂ§Ã‚Â¨Ã‚Â½ÃƒÂ¦Ã…â€œÃ‚Â¬ÃƒÂ¥Ã‚Â¹Ã‚Â´ÃƒÂ¥Ã‚ÂºÃ‚Â¦ÃƒÂ©Ã†â€™Ã‚Â¨ÃƒÂ¥Ã‹â€ Ã¢â‚¬Â ÃƒÂ¨Ã‹â€ Ã¢â‚¬Â¡ÃƒÂ¦Ã‚Â²ÃƒÂ¥Ã¢â‚¬Â¦Ã‚Â¥ÃƒÂ¤Ã‚Â¾Ã¢â‚¬Â ÃƒÂ¦Ã‚ÂºÃƒÂ¥Ã‹â€ Ã‚Â¥ÃƒÂ¥Ã…Â ÃƒÂ¦Ã‚Â²ÃƒÂ¥Ã¢â‚¬Â¡Ã‚ÂºÃƒÂ¦Ã¢â‚¬Ã‚Â¿ÃƒÂ¤Ã‚ÂºÃ¢â‚¬Â¹ÃƒÂ¥Ã‹â€ Ã‚Â¥ÃƒÂ§Ã¢â‚¬Â°ÃƒÂ§Ã‚Â¸Ã‚Â½ÃƒÂ¨Ã‚Â¡Ã‚Â¨ÃƒÂ¥Ã¢â‚¬Â¹Ã‚Â¾ÃƒÂ§Ã‚Â¨Ã‚Â½	NÃƒÂ©Ã…â€™Ã‚Â°ÃƒÂ£Ã‚Â¡Ã‚Â½ÃƒÂ¨Ã…Â¾ÃƒÂ¡Ã¢â‚¬Å¡Ã¢â‚¬Â¢ÃƒÂ©Ã…Â¾Ã‹Å“ÃƒÂ£Ã¢â€žÂ¢Ã‚Â»ÃƒÂ¢Ã‚Â½Ã‚Â¥Ãƒâ„¢Ã‚Â¥ÃƒÂ©Ã¢â‚¬Â¡Ã¢â‚¬Ëœ    ÃƒÂ©Ã‚Â¡0ÃƒÆ’Ã‚Â¿(N)ÃƒÂ¢Ã¢â€šÂ¬Ã…â€œ}8^6eeQÃƒÂ¨Ã‹â€ Ã¢â‚¬Â¡ÃƒÂ¦Ã‚Â²ÃƒÂ¥Ã¢â‚¬Â¦Ã‚Â¥ÃƒÂ§Ã‚Â¸Ã‚Â½ÃƒÂ©Ã‚Â¡ÃƒÂ§Ã‚Â¶Ã¢â‚¬Å“ÃƒÂ¥Ã‚Â¸Ã‚Â¸ÃƒÂ¦Ã¢â‚¬Ã‚Â¶ÃƒÂ¥Ã¢â‚¬Â¦Ã‚Â¥1.ÃƒÂ§Ã¢â‚¬ÂºÃ‚Â´ÃƒÂ¦Ã…Â½Ã‚Â¥ÃƒÂ§Ã‚Â¨Ã¢â‚¬Â¦ÃƒÂ¦Ã¢â‚¬Ã‚Â¶ÃƒÂ¥Ã¢â‚¬Â¦Ã‚Â¥ÃƒÂ¨Ã‹â€ Ã¢â‚¬Â¡ÃƒÂ§Ã‚Â¨Ã¢â‚¬Â¦ÃƒÂ¨Ã‚ÂªÃ‚Â²ÃƒÂ¦Ã¢â‚¬Ã‚Â¶ÃƒÂ¥Ã¢â‚¬Â¦Ã‚Â¥ÃƒÂ§Ã‚Â¨Ã¢â‚¬Â¦ÃƒÂ¨Ã‚ÂªÃ‚Â²ÃƒÂ¦Ã¢â‚¬Ã‚Â¶ÃƒÂ¥Ã¢â‚¬Â¦Ã‚Â¥2.ÃƒÂ©Ã¢â‚¬â€œÃ¢â‚¬Å“ÃƒÂ¦Ã…Â½Ã‚Â¥ÃƒÂ§Ã‚Â¨Ã¢â‚¬Â¦ÃƒÂ¦Ã¢â‚¬Ã‚Â¶ÃƒÂ¥Ã¢â‚¬Â¦Ã‚Â¥3.ÃƒÂ¨Ã‚Â³Ã‚Â¦ÃƒÂ§Ã‚Â¨Ã¢â‚¬Â¦ÃƒÂ¥Ã‚Â¤Ã¢â‚¬â€œÃƒÂ¦Ã¢â‚¬Ã‚Â¶ÃƒÂ¥Ã¢â‚¬Â¦Ã‚Â¥(ÃƒÂ¤Ã‚ÂºÃ…â€™)ÃƒÂ§Ã‚Â¶Ã¢â‚¬Å“ÃƒÂ¥Ã‚Â¸Ã‚Â¸ÃƒÂ¦Ã¢â‚¬Ã‚Â¯ÃƒÂ¥Ã¢â‚¬Â¡Ã‚ÂºÃƒÂ¨Ã‹â€ Ã¢â‚¬Â¡ÃƒÂ¦Ã‚Â²ÃƒÂ¥Ã¢â‚¬Â¡Ã‚ÂºÃƒÂ§Ã‚Â¸Ã‚Â½ÃƒÂ©Ã‚Â¡ÃƒÂ§Ã‚Â¶Ã¢â‚¬Å“ÃƒÂ¥Ã‚Â¸Ã‚Â¸ÃƒÂ¦Ã¢â‚¬Ã‚Â¯ÃƒÂ¥Ã¢â‚¬Â¡Ã‚Âº1.N,ÃƒÂ¢Ã¢â€šÂ¬Ã…Â¡ÃƒÂ¢Ã¢â€šÂ¬Ã…â€œ}8^/eÃƒÆ’Ã‚ÂºQ2.ÃƒÂ¥Ã¢â‚¬Å¡Ã‚ÂµÃƒÂ¥Ã¢â‚¬Â¹Ã¢â€žÂ¢ÃƒÂ¥Ã‹â€ Ã‚Â©ÃƒÂ¦Ã‚Â¯ÃƒÂ¥Ã…Â ÃƒÂ¤Ã‚ÂºÃ¢â‚¬Â¹ÃƒÂ¥Ã¢â‚¬Â¹Ã¢â€žÂ¢ÃƒÂ¦Ã¢â‚¬Ã‚Â¯ÃƒÂ¥Ã¢â‚¬Â¡Ã‚ÂºÃƒÂ¨Ã‹â€ Ã¢â‚¬Â¡ÃƒÂ¥Ã¢â‚¬Å¡Ã‚ÂµÃƒÂ¥Ã¢â‚¬Â¹Ã¢â€žÂ¢ÃƒÂ¤Ã‚Â»Ã‹Å“ÃƒÂ¦Ã‚Â¯ÃƒÂ¥Ã¢â‚¬Å¡Ã‚ÂµÃƒÂ¥Ã¢â‚¬Â¹Ã¢â€žÂ¢ÃƒÂ¤Ã‚Â»Ã‹Å“ÃƒÂ¦Ã‚Â¯3.ÃƒÂ©Ã‚Â ÃƒÂ¥Ã¢â‚¬Å¡Ã¢â€žÂ¢ÃƒÂ©Ã¢â‚¬Â¡Ã¢â‚¬ËœÃƒÂ©Ã‚Â ÃƒÂ¥Ã¢â‚¬Å¡Ã¢â€žÂ¢ÃƒÂ©Ã¢â‚¬Â¡Ã¢â‚¬ËœÃƒÂ¨Ã‹â€ Ã¢â‚¬Â¡ÃƒÂ§Ã¢â‚¬Ã‚Â¨ÃƒÂ©Ã¢â€šÂ¬Ã¢â‚¬ÃƒÂ¥Ã‹â€ Ã‚Â¥ÃƒÂ¤Ã‚Â¹Ã¢â‚¬Â¹ÃƒÂ©Ã‚Â ÃƒÂ¥Ã¢â‚¬Å¡Ã¢â€žÂ¢ÃƒÂ©Ã¢â‚¬Â¡Ã¢â‚¬ËœÃƒÂ¥Ã¢â‚¬Â¹Ã‚Â¾ÃƒÂ§Ã‚Â¨Ã‚Â½	(ÃƒÂ¤Ã‚Â¸Ã¢â‚¬Â°)ÃƒÂ§Ã‚Â¶Ã¢â‚¬Å“ÃƒÂ¥Ã‚Â¸Ã‚Â¸ÃƒÂ¦Ã¢â‚¬Ã‚Â¶ÃƒÂ¦Ã¢â‚¬Ã‚Â¯ÃƒÂ¨Ã‚Â³Ã‚Â¸ÃƒÂ©Ã‚Â¤Ã‹Å“	ÃƒÂ¤Ã‚ÂºÃ…â€™ÃƒÂ¬Ã…â€œÃ‚Â°ÃƒÂ¢Ã‚Â²Ã…â€™ÃƒÂ¨Ã‚Â§ÃƒÂ¡Ã¢â‚¬Å¡Ã¢â‚¬Â¢ÃƒÂ©Ã…Â¾Ã‹Å“ÃƒÂ£Ã¢â€žÂ¢Ã‚Â»ÃƒÂ¢Ã‚Â½Ã‚Â¥ÃƒÃ‚Â¥(N)ÃƒÆ’Ã¢â‚¬Â¡Ãƒâ€¦Ã¢â‚¬â„¢,g6eeQÃƒÂ¨Ã‚Â³Ã¢â‚¬Â¡ÃƒÂ¦Ã…â€œÃ‚Â¬ÃƒÂ¦Ã¢â‚¬Ã‚Â¶ÃƒÂ¥Ã¢â‚¬Â¦Ã‚Â¥1.ÃƒÂ¦Ã‚Â¸Ã¢â‚¬ÂºÃƒÂ¥Ã‚Â°Ã¢â‚¬ËœÃƒÂ¨Ã‚Â³Ã¢â‚¬Â¡ÃƒÂ§Ã¢â‚¬Ã‚Â¢ÃƒÂ¦Ã¢â‚¬Ã‚Â¶ÃƒÂ¥Ã¢â‚¬Â¦Ã‚Â¥ÃƒÂ¦Ã‚Â¸Ã¢â‚¬ÂºÃƒÂ¥Ã‚Â°Ã¢â‚¬ËœÃƒÂ¨Ã‚Â²Ã‚Â¡ÃƒÂ§Ã¢â‚¬Ã‚Â¢ÃƒÂ¦Ã¢â‚¬Ã‚Â¶ÃƒÂ¥Ã¢â‚¬Â¦Ã‚Â¥2.ÃƒÂ¦Ã¢â‚¬Ã‚Â¶ÃƒÂ¥Ã¢â‚¬ÂºÃ…Â¾ÃƒÂ¦Ã…Â Ã¢â‚¬Â¢ÃƒÂ¨Ã‚Â³Ã¢â‚¬Â¡ÃƒÂ¥Ã…Â¸Ã‚ÂºÃƒÂ©Ã¢â‚¬Â¡Ã¢â‚¬ËœÃƒÂ¥Ã…Â ÃƒÂ¥Ã¢â‚¬Â¦Ã‚Â¶ÃƒÂ¤Ã‚Â»Ã¢â‚¬â€œÃƒÂ¦Ã¢â‚¬Ã‚Â¶ÃƒÂ¥Ã¢â‚¬Â¦Ã‚Â¥(ÃƒÂ¤Ã‚ÂºÃ…â€™)ÃƒÂ¨Ã‚Â³Ã¢â‚¬Â¡ÃƒÂ¦Ã…â€œÃ‚Â¬ÃƒÂ¦Ã¢â‚¬Ã‚Â¯ÃƒÂ¥Ã¢â‚¬Â¡Ã‚ÂºÃƒÂ¨Ã‚Â³Ã¢â‚¬Â¡ÃƒÂ¦Ã…â€œÃ‚Â¬ÃƒÂ¦Ã¢â‚¬Ã‚Â¯ÃƒÂ¥Ã¢â‚¬Â¡Ã‚Âº1.ÃƒÂ¥Ã‚Â¢Ã…Â¾ÃƒÂ§Ã‚Â½Ã‚Â®ÃƒÂ¦Ã‹â€ Ã¢â‚¬â€œÃƒÂ¦Ã¢â‚¬Å“Ã‚Â´ÃƒÂ¥Ã¢â‚¬Â¦Ã¢â‚¬Â¦ÃƒÂ¦Ã¢â‚¬Ã‚Â¹ÃƒÂ¨Ã¢â‚¬Â°Ã‚Â¯ÃƒÂ¨Ã‚Â³Ã¢â‚¬Â¡ÃƒÂ§Ã¢â‚¬Ã‚Â¢ÃƒÂ¦Ã¢â‚¬Ã‚Â¯ÃƒÂ¥Ã¢â‚¬Â¡Ã‚Âº2.ÃƒÂ¥Ã‚Â¢Ã…Â¾ÃƒÂ¥Ã…Â Ã‚Â ÃƒÂ¦Ã…Â Ã¢â‚¬Â¢ÃƒÂ¨Ã‚Â³Ã¢â‚¬Â¡ÃƒÂ¦Ã¢â‚¬Ã‚Â¯ÃƒÂ¥Ã¢â‚¬Â¡Ã‚Âº	(ÃƒÂ¤Ã‚Â¸Ã¢â‚¬Â°)ÃƒÂ¨Ã‚Â³Ã¢â‚¬Â¡ÃƒÂ¦Ã…â€œÃ‚Â¬ÃƒÂ¦Ã¢â‚¬Ã‚Â¶ÃƒÂ¦Ã¢â‚¬Ã‚Â¯ÃƒÂ§Ã…Â¸ÃƒÂ§Ã‚ÂµÃ¢â€šÂ¬ÃƒÂ¤Ã‚Â¸Ã¢â‚¬Â°ÃƒÂ§Ã‹â€ Ã‚Â°ÃƒÂ¦Ã¢â‚¬Â¢Ã‚Â«ÃƒÂ§Ã¢â‚¬Â°Ã¢â‚¬ËœÃƒÂ¯Ã‚Â©Ã‚Â«ÃƒÂ®Ã‚Â¹Ã¢â‚¬ËœÃƒÂ®Ã‚ÂµÃƒÂ¡Ã‚Â·
6e  /e  '`  ÃƒÆ’Ã‚ÂªÃƒâ€¦Ã¢â‚¬â„¢  ÃƒÆ’Ã…Â S  ÃƒÂ¢Ã¢â‚¬Å¾Ã‚Â¢	
7
@}  !|  f  R  g  hÃƒâ€¹Ã¢â‚¬Â 	
7	ÃƒÂ¢Ã¢â€šÂ¬Ã…Â¡ÃƒÆ’Ã‚Â®]ÃƒÆ’w(rkÃƒâ€¦Ã‚Â ÃƒÆ’Ã‚Â¸Ãƒâ€¦Ã¢â‚¬â„¢ÃƒÂ¢Ã¢â‚¬Å¾Ã‚Â¢)7Ãƒâ€šÃ‚Â±@<0|<P|<p|<!ÃƒÆ’Ã‚Â§Ãƒâ€šÃ‚Â¸Ãƒâ€šÃ‚Â½ÃƒÆ’Ã‚Â©Ãƒâ€šÃ‚Â ÃƒÆ’Ã‚Â§Ãƒâ€šÃ‚Â®ÃƒÂ¢Ã¢â€šÂ¬Ã¢â‚¬ÃƒÆ’Ã‚Â¥Ãƒâ€šÃ‚Â½ÃƒÂ¢Ã¢â‚¬Å¾Ã‚Â¢ÃƒÆ’Ã‚Â§Ãƒâ€šÃ‚Â·Ãƒâ€šÃ‚Â¨!ÃƒÆ’Ã‚Â¤Ãƒâ€šÃ‚Â¸ÃƒÆ’Ã‚Â¨Ãƒâ€šÃ‚Â¯ÃƒÆ’Ã‚Â¦Ãƒâ€šÃ‚Â°ÃƒÂ¢Ã¢â€šÂ¬Ã‹Å“ÃƒÆ’Ã‚Â¥Ãƒâ€¦Ã¢â‚¬Å“ÃƒÂ¢Ã¢â€šÂ¬Ã‚Â¹!ÃƒÆ’Ã‚Â¤Ãƒâ€šÃ‚Â¹ÃƒÆ’Ã‚Â¥Nt^Ãƒâ€šÃ‚Â±^   ÃƒÆ’Ã‚Â¥ÃƒÂ¢Ã¢â€šÂ¬Ã¢â‚¬Å“Ãƒâ€šÃ‚Â®ÃƒÆ’Ã‚Â¤Ãƒâ€šÃ‚Â½ÃƒÆ’Ã‚Â¯Ãƒâ€šÃ‚Â¼Ãƒâ€¦Ã‚Â¡ÃƒÆ’Ã‚Â¦ÃƒÂ¢Ã¢â€šÂ¬Ã¢â‚¬Å“Ãƒâ€šÃ‚Â°ÃƒÆ’Ã‚Â¨ÃƒÂ¢Ã¢â€šÂ¬Ã‚Â¡Ãƒâ€šÃ‚ÂºÃƒÆ’Ã‚Â¥Ãƒâ€šÃ‚Â¹Ãƒâ€šÃ‚Â£ÃƒÆ’Ã‚Â¥Ãƒâ€ Ã¢â‚¬â„¢ÃƒÆ’Ã‚Â¥ÃƒÂ¢Ã¢â€šÂ¬Ã‚Â¦Ãƒâ€ Ã¢â‚¬â„¢ÃƒÆ’Ã‚Â¦ÃƒÂ¢Ã¢â€šÂ¬Ãƒâ€šÃ‚Â¶ÃƒÆ’Ã‚Â¦ÃƒÂ¢Ã¢â€šÂ¬Ãƒâ€šÃ‚Â¯ÃƒÆ’Ã‚Â¦ÃƒÂ¢Ã¢â‚¬Å¡Ã‚Â¬Ãƒâ€šÃ‚Â§ÃƒÆ’Ã‚Â¨Ãƒâ€šÃ‚Â³Ãƒâ€šÃ‚ÂªÃƒÆ’Ã‚Â¨Ãƒâ€šÃ‚Â¡Ãƒâ€šÃ‚Â¨      ÃƒÆ’Ã‚Â©Ãƒâ€šÃ‚Â ÃƒÂ¢Ã¢â€šÂ¬Ã‚Â¦        ÃƒÆ’Ã‚Â§ÃƒÂ¢Ã¢â€šÂ¬Ã‚ÂºÃƒâ€šÃ‚Â®ÃƒÆ’Ã‚Â¦Ãƒâ€¦Ã¢â‚¬Å“Ãƒâ€šÃ‚Â¬ ÃƒÆ’Ã‚Â¥Ãƒâ€šÃ‚Â¹Ãƒâ€šÃ‚Â´ ÃƒÆ’Ã‚Â¥Ãƒâ€šÃ‚ÂºÃƒâ€šÃ‚Â¦ ÃƒÆ’Ã‚Â©Ãƒâ€šÃ‚Â  ÃƒÆ’Ã‚Â§Ãƒâ€šÃ‚Â®ÃƒÂ¢Ã¢â€šÂ¬Ã¢â‚¬ ÃƒÆ’Ã‚Â¦ÃƒÂ¢Ã¢â€šÂ¬Ã‚Â¢Ãƒâ€šÃ‚Â¸ÃƒÆ’Ã‚Â¤Ãƒâ€šÃ‚Â¸Ãƒâ€¦Ã‚Â  ÃƒÆ’Ã‚Â¥Ãƒâ€šÃ‚Â¹Ãƒâ€šÃ‚Â´ ÃƒÆ’Ã‚Â¥Ãƒâ€šÃ‚ÂºÃƒâ€šÃ‚Â¦ ÃƒÆ’Ã‚Â©Ãƒâ€šÃ‚Â  ÃƒÆ’Ã‚Â§Ãƒâ€šÃ‚Â®ÃƒÂ¢Ã¢â€šÂ¬Ã¢â‚¬ ÃƒÆ’Ã‚Â¦ÃƒÂ¢Ã¢â€šÂ¬Ã‚Â¢Ãƒâ€šÃ‚Â¸	ÃƒÆ’Ã‚Â¥ÃƒÂ¢Ã¢â€šÂ¬Ã‚Â° ÃƒÆ’Ã‚Â¦Ãƒâ€šÃ‚Â¬Ãƒâ€šÃ‚Â¡ ÃƒÆ’Ã‚Â¦Ãƒâ€šÃ‚Â±Ãƒâ€šÃ‚Âº ÃƒÆ’Ã‚Â§Ãƒâ€šÃ‚Â®ÃƒÂ¢Ã¢â€šÂ¬Ã¢â‚¬ ÃƒÆ’Ã‚Â¦ÃƒÂ¢Ã¢â€šÂ¬Ã‚Â¢Ãƒâ€šÃ‚Â¸ÃƒÆ’Ã‚Â¥Ãƒâ€šÃ‚Â°ÃƒÆ’Ã‚Â§ÃƒÂ¢Ã¢â€šÂ¬Ã‚Â¦Ãƒâ€šÃ‚Â§ÃƒÆ’Ã‚Â§Ãƒâ€šÃ‚Â§ÃƒÂ¢Ã¢â€šÂ¬Ã‹Å“ÃƒÆ’Ã‚Â§ÃƒÂ¢Ã¢â€šÂ¬Ã‚ÂºÃƒâ€šÃ‚Â®ÃƒÆ’Ã‚Â¦Ãƒâ€¦Ã¢â‚¬Å“Ãƒâ€šÃ‚Â¬ÃƒÆ’Ã‚Â¥Ãƒâ€šÃ‚Â¹Ãƒâ€šÃ‚Â´ÃƒÆ’Ã‚Â¥Ãƒâ€šÃ‚ÂºÃƒâ€šÃ‚Â¦ÃƒÆ’Ã‚Â©Ãƒâ€ Ã¢â‚¬â„¢Ãƒâ€šÃ‚Â¨ÃƒÆ’Ã‚Â¥Ãƒâ€¹Ã¢â‚¬Â ÃƒÂ¢Ã¢â€šÂ¬Ã‚Â ÃƒÆ’Ã‚Â¨Ãƒâ€¹Ã¢â‚¬Â ÃƒÂ¢Ã¢â€šÂ¬Ã‚Â¡ÃƒÆ’Ã‚Â§Ãƒâ€šÃ‚Â°Ãƒâ€šÃ‚Â¡ÃƒÆ’Ã‚Â¦Ãƒâ€¹Ã…â€œÃƒâ€¦Ã‚Â½ÃƒÆ’Ã‚Â¦Ãƒâ€šÃ‚Â¯ÃƒÂ¢Ã¢â€šÂ¬ÃƒÆ’Ã‚Â¨Ãƒâ€šÃ‚Â¼Ãƒâ€ Ã¢â‚¬â„¢ÃƒÆ’Ã‚Â¥Ãƒâ€¹Ã¢â‚¬Â ÃƒÂ¢Ã¢â€šÂ¬Ã‚Â ÃƒÆ’Ã‚Â¦Ãƒâ€¦Ã‚Â¾ÃƒÆ’Ã‚Â¨Ãƒâ€šÃ‚Â¡Ãƒâ€šÃ‚Â¨ÃƒÆ’Ã‚Â¥ÃƒÂ¢Ã¢â€šÂ¬Ã‚Â¹Ãƒâ€šÃ‚Â¾ÃƒÆ’Ã‚Â§Ãƒâ€šÃ‚Â¨Ãƒâ€šÃ‚Â½ÃƒÆ’Ã‚Â¤Ãƒâ€šÃ‚Â¸Ãƒâ€¦Ã‚Â ÃƒÆ’Ã‚Â¥Ãƒâ€šÃ‚Â¹Ãƒâ€šÃ‚Â´ÃƒÆ’Ã‚Â¥Ãƒâ€šÃ‚ÂºÃƒâ€šÃ‚Â¦ÃƒÆ’Ã‚Â©Ãƒâ€ Ã¢â‚¬â„¢Ãƒâ€šÃ‚Â¨ÃƒÆ’Ã‚Â¥Ãƒâ€¹Ã¢â‚¬Â ÃƒÂ¢Ã¢â€šÂ¬Ã‚Â ÃƒÆ’Ã‚Â¨Ãƒâ€¹Ã¢â‚¬Â ÃƒÂ¢Ã¢â€šÂ¬Ã‚Â¡ÃƒÆ’Ã‚Â§Ãƒâ€šÃ‚Â°Ãƒâ€šÃ‚Â¡ÃƒÆ’Ã‚Â¦Ãƒâ€¹Ã…â€œÃƒâ€¦Ã‚Â½ÃƒÆ’Ã‚Â¦Ãƒâ€šÃ‚Â¯ÃƒÂ¢Ã¢â€šÂ¬ÃƒÆ’Ã‚Â¨Ãƒâ€šÃ‚Â¼Ãƒâ€ Ã¢â‚¬â„¢ÃƒÆ’Ã‚Â¨Ãƒâ€šÃ‚Â¡Ãƒâ€šÃ‚Â¨ÃƒÆ’Ã‚Â¥ÃƒÂ¢Ã¢â€šÂ¬Ã‚Â¹Ãƒâ€šÃ‚Â¾ÃƒÆ’Ã‚Â§Ãƒâ€šÃ‚Â¨Ãƒâ€šÃ‚Â½ÃƒÆ’Ã‚Â¥ÃƒÂ¢Ã¢â€šÂ¬Ã‚Â°ÃƒÆ’Ã‚Â¥Ãƒâ€šÃ‚Â¹Ãƒâ€šÃ‚Â´ÃƒÆ’Ã‚Â¥Ãƒâ€šÃ‚ÂºÃƒâ€šÃ‚Â¦ÃƒÆ’Ã‚Â©Ãƒâ€ Ã¢â‚¬â„¢Ãƒâ€šÃ‚Â¨ÃƒÆ’Ã‚Â¥Ãƒâ€¹Ã¢â‚¬Â ÃƒÂ¢Ã¢â€šÂ¬Ã‚Â ÃƒÆ’Ã‚Â¨Ãƒâ€¹Ã¢â‚¬Â ÃƒÂ¢Ã¢â€šÂ¬Ã‚Â¡ÃƒÆ’Ã‚Â§Ãƒâ€šÃ‚Â°Ãƒâ€šÃ‚Â¡ÃƒÆ’Ã‚Â¦Ãƒâ€¹Ã…â€œÃƒâ€¦Ã‚Â½ÃƒÆ’Ã‚Â¦Ãƒâ€šÃ‚Â¯ÃƒÂ¢Ã¢â€šÂ¬ÃƒÆ’Ã‚Â¨Ãƒâ€šÃ‚Â¼Ãƒâ€ Ã¢â‚¬â„¢ÃƒÆ’Ã‚Â¨Ãƒâ€šÃ‚Â¡Ãƒâ€šÃ‚Â¨ÃƒÆ’Ã‚Â¥ÃƒÂ¢Ã¢â€šÂ¬Ã‚Â¹Ãƒâ€šÃ‚Â¾ÃƒÆ’Ã‚Â§Ãƒâ€šÃ‚Â¨Ãƒâ€šÃ‚Â½ÃƒÆ’Ã‚Â¦Ãƒâ€¦Ã¢â‚¬Å“Ãƒâ€šÃ‚Â¬ÃƒÆ’Ã‚Â¥Ãƒâ€šÃ‚Â¹Ãƒâ€šÃ‚Â´ÃƒÆ’Ã‚Â¥Ãƒâ€šÃ‚ÂºÃƒâ€šÃ‚Â¦ÃƒÆ’Ã‚Â©Ãƒâ€ Ã¢â‚¬â„¢Ãƒâ€šÃ‚Â¨ÃƒÆ’Ã‚Â¥Ãƒâ€¹Ã¢â‚¬Â ÃƒÂ¢Ã¢â€šÂ¬Ã‚Â ÃƒÆ’Ã‚Â¨Ãƒâ€¹Ã¢â‚¬Â ÃƒÂ¢Ã¢â€šÂ¬Ã‚Â¡ÃƒÆ’Ã‚Â¨Ãƒâ€¦Ã‚Â¾ÃƒÆ’Ã‚Â¨Ãƒâ€šÃ‚Â³ÃƒÂ¢Ã¢â€šÂ¬Ã‚Â¡ÃƒÆ’Ã‚Â¨Ãƒâ€šÃ‚ÂªÃƒâ€šÃ‚Â¿ÃƒÆ’Ã‚Â¥Ãƒâ€šÃ‚ÂºÃƒâ€šÃ‚Â¦ÃƒÆ’Ã‚Â¨Ãƒâ€šÃ‚Â²Ãƒâ€šÃ‚Â¡ÃƒÆ’Ã‚Â¦Ãƒâ€šÃ‚ÂºÃƒÆ’Ã‚Â¦Ãƒâ€šÃ‚Â¯ÃƒÂ¢Ã¢â€šÂ¬ÃƒÆ’Ã‚Â¨Ãƒâ€šÃ‚Â¼Ãƒâ€ Ã¢â‚¬â„¢ÃƒÆ’Ã‚Â¥Ãƒâ€¹Ã¢â‚¬Â ÃƒÂ¢Ã¢â€šÂ¬Ã‚Â ÃƒÆ’Ã‚Â¦Ãƒâ€¦Ã‚Â¾ÃƒÆ’Ã‚Â¨Ãƒâ€šÃ‚Â¡Ãƒâ€šÃ‚Â¨ÃƒÆ’Ã‚Â¥ÃƒÂ¢Ã¢â€šÂ¬Ã‚Â¹Ãƒâ€šÃ‚Â¾ÃƒÆ’Ã‚Â§Ãƒâ€šÃ‚Â¨Ãƒâ€šÃ‚Â½ÃƒÆ’Ã‚Â¦Ãƒâ€¦Ã¢â‚¬Å“Ãƒâ€šÃ‚Â¬ÃƒÆ’Ã‚Â¥Ãƒâ€šÃ‚Â¹Ãƒâ€šÃ‚Â´ÃƒÆ’Ã‚Â¥Ãƒâ€šÃ‚ÂºÃƒâ€šÃ‚Â¦ÃƒÆ’Ã‚Â©Ãƒâ€ Ã¢â‚¬â„¢Ãƒâ€šÃ‚Â¨ÃƒÆ’Ã‚Â¥Ãƒâ€¹Ã¢â‚¬Â ÃƒÂ¢Ã¢â€šÂ¬Ã‚Â ÃƒÆ’Ã‚Â¨Ãƒâ€¹Ã¢â‚¬Â ÃƒÂ¢Ã¢â€šÂ¬Ã‚Â¡ÃƒÆ’Ã‚Â¦Ãƒâ€šÃ‚Â²ÃƒÆ’Ã‚Â¥ÃƒÂ¢Ã¢â€šÂ¬Ã‚Â¦Ãƒâ€šÃ‚Â¥ÃƒÆ’Ã‚Â¤Ãƒâ€šÃ‚Â¾ÃƒÂ¢Ã¢â€šÂ¬Ã‚Â ÃƒÆ’Ã‚Â¦Ãƒâ€šÃ‚ÂºÃƒÆ’Ã‚Â¥Ãƒâ€¹Ã¢â‚¬Â Ãƒâ€šÃ‚Â¥ÃƒÆ’Ã‚Â¥Ãƒâ€¦Ã‚Â ÃƒÆ’Ã‚Â¦Ãƒâ€šÃ‚Â²ÃƒÆ’Ã‚Â¥ÃƒÂ¢Ã¢â€šÂ¬Ã‚Â¡Ãƒâ€šÃ‚ÂºÃƒÆ’Ã‚Â¦ÃƒÂ¢Ã¢â€šÂ¬Ãƒâ€šÃ‚Â¿ÃƒÆ’Ã‚Â¤Ãƒâ€šÃ‚ÂºÃƒÂ¢Ã¢â€šÂ¬Ã‚Â¹ÃƒÆ’Ã‚Â¥Ãƒâ€¹Ã¢â‚¬Â Ãƒâ€šÃ‚Â¥ÃƒÆ’Ã‚Â§ÃƒÂ¢Ã¢â€šÂ¬Ã‚Â°ÃƒÆ’Ã‚Â§Ãƒâ€šÃ‚Â¸Ãƒâ€šÃ‚Â½ÃƒÆ’Ã‚Â¨Ãƒâ€šÃ‚Â¡Ãƒâ€šÃ‚Â¨ÃƒÆ’Ã‚Â¥ÃƒÂ¢Ã¢â€šÂ¬Ã‚Â¹Ãƒâ€šÃ‚Â¾ÃƒÆ’Ã‚Â§Ãƒâ€šÃ‚Â¨Ãƒâ€šÃ‚Â½	NÃƒÆ’Ã‚Â©Ãƒâ€¦Ã¢â‚¬â„¢Ãƒâ€šÃ‚Â°ÃƒÆ’Ã‚Â£Ãƒâ€šÃ‚Â¡Ãƒâ€šÃ‚Â½ÃƒÆ’Ã‚Â¨Ãƒâ€¦Ã‚Â¾ÃƒÆ’Ã‚Â¡ÃƒÂ¢Ã¢â€šÂ¬Ã…Â¡ÃƒÂ¢Ã¢â€šÂ¬Ã‚Â¢ÃƒÆ’Ã‚Â©Ãƒâ€¦Ã‚Â¾Ãƒâ€¹Ã…â€œÃƒÆ’Ã‚Â£ÃƒÂ¢Ã¢â‚¬Å¾Ã‚Â¢Ãƒâ€šÃ‚Â»ÃƒÆ’Ã‚Â¢Ãƒâ€šÃ‚Â½Ãƒâ€šÃ‚Â¥ÃƒÆ’Ã¢â€žÂ¢Ãƒâ€šÃ‚Â¥ÃƒÆ’Ã‚Â©ÃƒÂ¢Ã¢â€šÂ¬Ã‚Â¡ÃƒÂ¢Ã¢â€šÂ¬Ã‹Å“    ÃƒÆ’Ã‚Â©Ãƒâ€šÃ‚Â¡0ÃƒÆ’Ã†â€™Ãƒâ€šÃ‚Â¿(N)ÃƒÆ’Ã‚Â¢ÃƒÂ¢Ã¢â‚¬Å¡Ã‚Â¬Ãƒâ€¦Ã¢â‚¬Å“}8^6eeQÃƒÆ’Ã‚Â¨Ãƒâ€¹Ã¢â‚¬Â ÃƒÂ¢Ã¢â€šÂ¬Ã‚Â¡ÃƒÆ’Ã‚Â¦Ãƒâ€šÃ‚Â²ÃƒÆ’Ã‚Â¥ÃƒÂ¢Ã¢â€šÂ¬Ã‚Â¦Ãƒâ€šÃ‚Â¥ÃƒÆ’Ã‚Â§Ãƒâ€šÃ‚Â¸Ãƒâ€šÃ‚Â½ÃƒÆ’Ã‚Â©Ãƒâ€šÃ‚Â¡ÃƒÆ’Ã‚Â§Ãƒâ€šÃ‚Â¶ÃƒÂ¢Ã¢â€šÂ¬Ã…â€œÃƒÆ’Ã‚Â¥Ãƒâ€šÃ‚Â¸Ãƒâ€šÃ‚Â¸ÃƒÆ’Ã‚Â¦ÃƒÂ¢Ã¢â€šÂ¬Ãƒâ€šÃ‚Â¶ÃƒÆ’Ã‚Â¥ÃƒÂ¢Ã¢â€šÂ¬Ã‚Â¦Ãƒâ€šÃ‚Â¥1.ÃƒÆ’Ã‚Â§ÃƒÂ¢Ã¢â€šÂ¬Ã‚ÂºÃƒâ€šÃ‚Â´ÃƒÆ’Ã‚Â¦Ãƒâ€¦Ã‚Â½Ãƒâ€šÃ‚Â¥ÃƒÆ’Ã‚Â§Ãƒâ€šÃ‚Â¨ÃƒÂ¢Ã¢â€šÂ¬Ã‚Â¦ÃƒÆ’Ã‚Â¦ÃƒÂ¢Ã¢â€šÂ¬Ãƒâ€šÃ‚Â¶ÃƒÆ’Ã‚Â¥ÃƒÂ¢Ã¢â€šÂ¬Ã‚Â¦Ãƒâ€šÃ‚Â¥ÃƒÆ’Ã‚Â¨Ãƒâ€¹Ã¢â‚¬Â ÃƒÂ¢Ã¢â€šÂ¬Ã‚Â¡ÃƒÆ’Ã‚Â§Ãƒâ€šÃ‚Â¨ÃƒÂ¢Ã¢â€šÂ¬Ã‚Â¦ÃƒÆ’Ã‚Â¨Ãƒâ€šÃ‚ÂªÃƒâ€šÃ‚Â²ÃƒÆ’Ã‚Â¦ÃƒÂ¢Ã¢â€šÂ¬Ãƒâ€šÃ‚Â¶ÃƒÆ’Ã‚Â¥ÃƒÂ¢Ã¢â€šÂ¬Ã‚Â¦Ãƒâ€šÃ‚Â¥ÃƒÆ’Ã‚Â§Ãƒâ€šÃ‚Â¨ÃƒÂ¢Ã¢â€šÂ¬Ã‚Â¦ÃƒÆ’Ã‚Â¨Ãƒâ€šÃ‚ÂªÃƒâ€šÃ‚Â²ÃƒÆ’Ã‚Â¦ÃƒÂ¢Ã¢â€šÂ¬Ãƒâ€šÃ‚Â¶ÃƒÆ’Ã‚Â¥ÃƒÂ¢Ã¢â€šÂ¬Ã‚Â¦Ãƒâ€šÃ‚Â¥2.ÃƒÆ’Ã‚Â©ÃƒÂ¢Ã¢â€šÂ¬Ã¢â‚¬Å“ÃƒÂ¢Ã¢â€šÂ¬Ã…â€œÃƒÆ’Ã‚Â¦Ãƒâ€¦Ã‚Â½Ãƒâ€šÃ‚Â¥ÃƒÆ’Ã‚Â§Ãƒâ€šÃ‚Â¨ÃƒÂ¢Ã¢â€šÂ¬Ã‚Â¦ÃƒÆ’Ã‚Â¦ÃƒÂ¢Ã¢â€šÂ¬Ãƒâ€šÃ‚Â¶ÃƒÆ’Ã‚Â¥ÃƒÂ¢Ã¢â€šÂ¬Ã‚Â¦Ãƒâ€šÃ‚Â¥3.ÃƒÆ’Ã‚Â¨Ãƒâ€šÃ‚Â³Ãƒâ€šÃ‚Â¦ÃƒÆ’Ã‚Â§Ãƒâ€šÃ‚Â¨ÃƒÂ¢Ã¢â€šÂ¬Ã‚Â¦ÃƒÆ’Ã‚Â¥Ãƒâ€šÃ‚Â¤ÃƒÂ¢Ã¢â€šÂ¬Ã¢â‚¬Å“ÃƒÆ’Ã‚Â¦ÃƒÂ¢Ã¢â€šÂ¬Ãƒâ€šÃ‚Â¶ÃƒÆ’Ã‚Â¥ÃƒÂ¢Ã¢â€šÂ¬Ã‚Â¦Ãƒâ€šÃ‚Â¥(ÃƒÆ’Ã‚Â¤Ãƒâ€šÃ‚ÂºÃƒâ€¦Ã¢â‚¬â„¢)ÃƒÆ’Ã‚Â§Ãƒâ€šÃ‚Â¶ÃƒÂ¢Ã¢â€šÂ¬Ã…â€œÃƒÆ’Ã‚Â¥Ãƒâ€šÃ‚Â¸Ãƒâ€šÃ‚Â¸ÃƒÆ’Ã‚Â¦ÃƒÂ¢Ã¢â€šÂ¬Ãƒâ€šÃ‚Â¯ÃƒÆ’Ã‚Â¥ÃƒÂ¢Ã¢â€šÂ¬Ã‚Â¡Ãƒâ€šÃ‚ÂºÃƒÆ’Ã‚Â¨Ãƒâ€¹Ã¢â‚¬Â ÃƒÂ¢Ã¢â€šÂ¬Ã‚Â¡ÃƒÆ’Ã‚Â¦Ãƒâ€šÃ‚Â²ÃƒÆ’Ã‚Â¥ÃƒÂ¢Ã¢â€šÂ¬Ã‚Â¡Ãƒâ€šÃ‚ÂºÃƒÆ’Ã‚Â§Ãƒâ€šÃ‚Â¸Ãƒâ€šÃ‚Â½ÃƒÆ’Ã‚Â©Ãƒâ€šÃ‚Â¡ÃƒÆ’Ã‚Â§Ãƒâ€šÃ‚Â¶ÃƒÂ¢Ã¢â€šÂ¬Ã…â€œÃƒÆ’Ã‚Â¥Ãƒâ€šÃ‚Â¸Ãƒâ€šÃ‚Â¸ÃƒÆ’Ã‚Â¦ÃƒÂ¢Ã¢â€šÂ¬Ãƒâ€šÃ‚Â¯ÃƒÆ’Ã‚Â¥ÃƒÂ¢Ã¢â€šÂ¬Ã‚Â¡Ãƒâ€šÃ‚Âº1.N,ÃƒÆ’Ã‚Â¢ÃƒÂ¢Ã¢â‚¬Å¡Ã‚Â¬Ãƒâ€¦Ã‚Â¡ÃƒÆ’Ã‚Â¢ÃƒÂ¢Ã¢â‚¬Å¡Ã‚Â¬Ãƒâ€¦Ã¢â‚¬Å“}8^/eÃƒÆ’Ã†â€™Ãƒâ€šÃ‚ÂºQ2.ÃƒÆ’Ã‚Â¥ÃƒÂ¢Ã¢â€šÂ¬Ã…Â¡Ãƒâ€šÃ‚ÂµÃƒÆ’Ã‚Â¥ÃƒÂ¢Ã¢â€šÂ¬Ã‚Â¹ÃƒÂ¢Ã¢â‚¬Å¾Ã‚Â¢ÃƒÆ’Ã‚Â¥Ãƒâ€¹Ã¢â‚¬Â Ãƒâ€šÃ‚Â©ÃƒÆ’Ã‚Â¦Ãƒâ€šÃ‚Â¯ÃƒÆ’Ã‚Â¥Ãƒâ€¦Ã‚Â ÃƒÆ’Ã‚Â¤Ãƒâ€šÃ‚ÂºÃƒÂ¢Ã¢â€šÂ¬Ã‚Â¹ÃƒÆ’Ã‚Â¥ÃƒÂ¢Ã¢â€šÂ¬Ã‚Â¹ÃƒÂ¢Ã¢â‚¬Å¾Ã‚Â¢ÃƒÆ’Ã‚Â¦ÃƒÂ¢Ã¢â€šÂ¬Ãƒâ€šÃ‚Â¯ÃƒÆ’Ã‚Â¥ÃƒÂ¢Ã¢â€šÂ¬Ã‚Â¡Ãƒâ€šÃ‚ÂºÃƒÆ’Ã‚Â¨Ãƒâ€¹Ã¢â‚¬Â ÃƒÂ¢Ã¢â€šÂ¬Ã‚Â¡ÃƒÆ’Ã‚Â¥ÃƒÂ¢Ã¢â€šÂ¬Ã…Â¡Ãƒâ€šÃ‚ÂµÃƒÆ’Ã‚Â¥ÃƒÂ¢Ã¢â€šÂ¬Ã‚Â¹ÃƒÂ¢Ã¢â‚¬Å¾Ã‚Â¢ÃƒÆ’Ã‚Â¤Ãƒâ€šÃ‚Â»Ãƒâ€¹Ã…â€œÃƒÆ’Ã‚Â¦Ãƒâ€šÃ‚Â¯ÃƒÆ’Ã‚Â¥ÃƒÂ¢Ã¢â€šÂ¬Ã…Â¡Ãƒâ€šÃ‚ÂµÃƒÆ’Ã‚Â¥ÃƒÂ¢Ã¢â€šÂ¬Ã‚Â¹ÃƒÂ¢Ã¢â‚¬Å¾Ã‚Â¢ÃƒÆ’Ã‚Â¤Ãƒâ€šÃ‚Â»Ãƒâ€¹Ã…â€œÃƒÆ’Ã‚Â¦Ãƒâ€šÃ‚Â¯3.ÃƒÆ’Ã‚Â©Ãƒâ€šÃ‚Â ÃƒÆ’Ã‚Â¥ÃƒÂ¢Ã¢â€šÂ¬Ã…Â¡ÃƒÂ¢Ã¢â‚¬Å¾Ã‚Â¢ÃƒÆ’Ã‚Â©ÃƒÂ¢Ã¢â€šÂ¬Ã‚Â¡ÃƒÂ¢Ã¢â€šÂ¬Ã‹Å“ÃƒÆ’Ã‚Â©Ãƒâ€šÃ‚Â ÃƒÆ’Ã‚Â¥ÃƒÂ¢Ã¢â€šÂ¬Ã…Â¡ÃƒÂ¢Ã¢â‚¬Å¾Ã‚Â¢ÃƒÆ’Ã‚Â©ÃƒÂ¢Ã¢â€šÂ¬Ã‚Â¡ÃƒÂ¢Ã¢â€šÂ¬Ã‹Å“ÃƒÆ’Ã‚Â¨Ãƒâ€¹Ã¢â‚¬Â ÃƒÂ¢Ã¢â€šÂ¬Ã‚Â¡ÃƒÆ’Ã‚Â§ÃƒÂ¢Ã¢â€šÂ¬Ãƒâ€šÃ‚Â¨ÃƒÆ’Ã‚Â©ÃƒÂ¢Ã¢â‚¬Å¡Ã‚Â¬ÃƒÂ¢Ã¢â€šÂ¬ÃƒÆ’Ã‚Â¥Ãƒâ€¹Ã¢â‚¬Â Ãƒâ€šÃ‚Â¥ÃƒÆ’Ã‚Â¤Ãƒâ€šÃ‚Â¹ÃƒÂ¢Ã¢â€šÂ¬Ã‚Â¹ÃƒÆ’Ã‚Â©Ãƒâ€šÃ‚Â ÃƒÆ’Ã‚Â¥ÃƒÂ¢Ã¢â€šÂ¬Ã…Â¡ÃƒÂ¢Ã¢â‚¬Å¾Ã‚Â¢ÃƒÆ’Ã‚Â©ÃƒÂ¢Ã¢â€šÂ¬Ã‚Â¡ÃƒÂ¢Ã¢â€šÂ¬Ã‹Å“ÃƒÆ’Ã‚Â¥ÃƒÂ¢Ã¢â€šÂ¬Ã‚Â¹Ãƒâ€šÃ‚Â¾ÃƒÆ’Ã‚Â§Ãƒâ€šÃ‚Â¨Ãƒâ€šÃ‚Â½	(ÃƒÆ’Ã‚Â¤Ãƒâ€šÃ‚Â¸ÃƒÂ¢Ã¢â€šÂ¬Ã‚Â°)ÃƒÆ’Ã‚Â§Ãƒâ€šÃ‚Â¶ÃƒÂ¢Ã¢â€šÂ¬Ã…â€œÃƒÆ’Ã‚Â¥Ãƒâ€šÃ‚Â¸Ãƒâ€šÃ‚Â¸ÃƒÆ’Ã‚Â¦ÃƒÂ¢Ã¢â€šÂ¬Ãƒâ€šÃ‚Â¶ÃƒÆ’Ã‚Â¦ÃƒÂ¢Ã¢â€šÂ¬Ãƒâ€šÃ‚Â¯ÃƒÆ’Ã‚Â¨Ãƒâ€šÃ‚Â³Ãƒâ€šÃ‚Â¸ÃƒÆ’Ã‚Â©Ãƒâ€šÃ‚Â¤Ãƒâ€¹Ã…â€œ	ÃƒÆ’Ã‚Â¤Ãƒâ€šÃ‚ÂºÃƒâ€¦Ã¢â‚¬â„¢ÃƒÆ’Ã‚Â¬Ãƒâ€¦Ã¢â‚¬Å“Ãƒâ€šÃ‚Â°ÃƒÆ’Ã‚Â¢Ãƒâ€šÃ‚Â²Ãƒâ€¦Ã¢â‚¬â„¢ÃƒÆ’Ã‚Â¨Ãƒâ€šÃ‚Â§ÃƒÆ’Ã‚Â¡ÃƒÂ¢Ã¢â€šÂ¬Ã…Â¡ÃƒÂ¢Ã¢â€šÂ¬Ã‚Â¢ÃƒÆ’Ã‚Â©Ãƒâ€¦Ã‚Â¾Ãƒâ€¹Ã…â€œÃƒÆ’Ã‚Â£ÃƒÂ¢Ã¢â‚¬Å¾Ã‚Â¢Ãƒâ€šÃ‚Â»ÃƒÆ’Ã‚Â¢Ãƒâ€šÃ‚Â½Ãƒâ€šÃ‚Â¥ÃƒÆ’Ãƒâ€šÃ‚Â¥(N)ÃƒÆ’Ã†â€™ÃƒÂ¢Ã¢â€šÂ¬Ã‚Â¡ÃƒÆ’Ã¢â‚¬Â¦ÃƒÂ¢Ã¢â€šÂ¬Ã¢â€žÂ¢,g6eeQÃƒÆ’Ã‚Â¨Ãƒâ€šÃ‚Â³ÃƒÂ¢Ã¢â€šÂ¬Ã‚Â¡ÃƒÆ’Ã‚Â¦Ãƒâ€¦Ã¢â‚¬Å“Ãƒâ€šÃ‚Â¬ÃƒÆ’Ã‚Â¦ÃƒÂ¢Ã¢â€šÂ¬Ãƒâ€šÃ‚Â¶ÃƒÆ’Ã‚Â¥ÃƒÂ¢Ã¢â€šÂ¬Ã‚Â¦Ãƒâ€šÃ‚Â¥1.ÃƒÆ’Ã‚Â¦Ãƒâ€šÃ‚Â¸ÃƒÂ¢Ã¢â€šÂ¬Ã‚ÂºÃƒÆ’Ã‚Â¥Ãƒâ€šÃ‚Â°ÃƒÂ¢Ã¢â€šÂ¬Ã‹Å“ÃƒÆ’Ã‚Â¨Ãƒâ€šÃ‚Â³ÃƒÂ¢Ã¢â€šÂ¬Ã‚Â¡ÃƒÆ’Ã‚Â§ÃƒÂ¢Ã¢â€šÂ¬Ãƒâ€šÃ‚Â¢ÃƒÆ’Ã‚Â¦ÃƒÂ¢Ã¢â€šÂ¬Ãƒâ€šÃ‚Â¶ÃƒÆ’Ã‚Â¥ÃƒÂ¢Ã¢â€šÂ¬Ã‚Â¦Ãƒâ€šÃ‚Â¥ÃƒÆ’Ã‚Â¦Ãƒâ€šÃ‚Â¸ÃƒÂ¢Ã¢â€šÂ¬Ã‚ÂºÃƒÆ’Ã‚Â¥Ãƒâ€šÃ‚Â°ÃƒÂ¢Ã¢â€šÂ¬Ã‹Å“ÃƒÆ’Ã‚Â¨Ãƒâ€šÃ‚Â²Ãƒâ€šÃ‚Â¡ÃƒÆ’Ã‚Â§ÃƒÂ¢Ã¢â€šÂ¬Ãƒâ€šÃ‚Â¢ÃƒÆ’Ã‚Â¦ÃƒÂ¢Ã¢â€šÂ¬Ãƒâ€šÃ‚Â¶ÃƒÆ’Ã‚Â¥ÃƒÂ¢Ã¢â€šÂ¬Ã‚Â¦Ãƒâ€šÃ‚Â¥2.ÃƒÆ’Ã‚Â¦ÃƒÂ¢Ã¢â€šÂ¬Ãƒâ€šÃ‚Â¶ÃƒÆ’Ã‚Â¥ÃƒÂ¢Ã¢â€šÂ¬Ã‚ÂºÃƒâ€¦Ã‚Â¾ÃƒÆ’Ã‚Â¦Ãƒâ€¦Ã‚Â ÃƒÂ¢Ã¢â€šÂ¬Ã‚Â¢ÃƒÆ’Ã‚Â¨Ãƒâ€šÃ‚Â³ÃƒÂ¢Ã¢â€šÂ¬Ã‚Â¡ÃƒÆ’Ã‚Â¥Ãƒâ€¦Ã‚Â¸Ãƒâ€šÃ‚ÂºÃƒÆ’Ã‚Â©ÃƒÂ¢Ã¢â€šÂ¬Ã‚Â¡ÃƒÂ¢Ã¢â€šÂ¬Ã‹Å“ÃƒÆ’Ã‚Â¥Ãƒâ€¦Ã‚Â ÃƒÆ’Ã‚Â¥ÃƒÂ¢Ã¢â€šÂ¬Ã‚Â¦Ãƒâ€šÃ‚Â¶ÃƒÆ’Ã‚Â¤Ãƒâ€šÃ‚Â»ÃƒÂ¢Ã¢â€šÂ¬Ã¢â‚¬Å“ÃƒÆ’Ã‚Â¦ÃƒÂ¢Ã¢â€šÂ¬Ãƒâ€šÃ‚Â¶ÃƒÆ’Ã‚Â¥ÃƒÂ¢Ã¢â€šÂ¬Ã‚Â¦Ãƒâ€šÃ‚Â¥(ÃƒÆ’Ã‚Â¤Ãƒâ€šÃ‚ÂºÃƒâ€¦Ã¢â‚¬â„¢)ÃƒÆ’Ã‚Â¨Ãƒâ€šÃ‚Â³ÃƒÂ¢Ã¢â€šÂ¬Ã‚Â¡ÃƒÆ’Ã‚Â¦Ãƒâ€¦Ã¢â‚¬Å“Ãƒâ€šÃ‚Â¬ÃƒÆ’Ã‚Â¦ÃƒÂ¢Ã¢â€šÂ¬Ãƒâ€šÃ‚Â¯ÃƒÆ’Ã‚Â¥ÃƒÂ¢Ã¢â€šÂ¬Ã‚Â¡Ãƒâ€šÃ‚ÂºÃƒÆ’Ã‚Â¨Ãƒâ€šÃ‚Â³ÃƒÂ¢Ã¢â€šÂ¬Ã‚Â¡ÃƒÆ’Ã‚Â¦Ãƒâ€¦Ã¢â‚¬Å“Ãƒâ€šÃ‚Â¬ÃƒÆ’Ã‚Â¦ÃƒÂ¢Ã¢â€šÂ¬Ãƒâ€šÃ‚Â¯ÃƒÆ’Ã‚Â¥ÃƒÂ¢Ã¢â€šÂ¬Ã‚Â¡Ãƒâ€šÃ‚Âº1.ÃƒÆ’Ã‚Â¥Ãƒâ€šÃ‚Â¢Ãƒâ€¦Ã‚Â¾ÃƒÆ’Ã‚Â§Ãƒâ€šÃ‚Â½Ãƒâ€šÃ‚Â®ÃƒÆ’Ã‚Â¦Ãƒâ€¹Ã¢â‚¬Â ÃƒÂ¢Ã¢â€šÂ¬Ã¢â‚¬Å“ÃƒÆ’Ã‚Â¦ÃƒÂ¢Ã¢â€šÂ¬Ã…â€œÃƒâ€šÃ‚Â´ÃƒÆ’Ã‚Â¥ÃƒÂ¢Ã¢â€šÂ¬Ã‚Â¦ÃƒÂ¢Ã¢â€šÂ¬Ã‚Â¦ÃƒÆ’Ã‚Â¦ÃƒÂ¢Ã¢â€šÂ¬Ãƒâ€šÃ‚Â¹ÃƒÆ’Ã‚Â¨ÃƒÂ¢Ã¢â€šÂ¬Ã‚Â°Ãƒâ€šÃ‚Â¯ÃƒÆ’Ã‚Â¨Ãƒâ€šÃ‚Â³ÃƒÂ¢Ã¢â€šÂ¬Ã‚Â¡ÃƒÆ’Ã‚Â§ÃƒÂ¢Ã¢â€šÂ¬Ãƒâ€šÃ‚Â¢ÃƒÆ’Ã‚Â¦ÃƒÂ¢Ã¢â€šÂ¬Ãƒâ€šÃ‚Â¯ÃƒÆ’Ã‚Â¥ÃƒÂ¢Ã¢â€šÂ¬Ã‚Â¡Ãƒâ€šÃ‚Âº2.ÃƒÆ’Ã‚Â¥Ãƒâ€šÃ‚Â¢Ãƒâ€¦Ã‚Â¾ÃƒÆ’Ã‚Â¥Ãƒâ€¦Ã‚Â Ãƒâ€šÃ‚Â ÃƒÆ’Ã‚Â¦Ãƒâ€¦Ã‚Â ÃƒÂ¢Ã¢â€šÂ¬Ã‚Â¢ÃƒÆ’Ã‚Â¨Ãƒâ€šÃ‚Â³ÃƒÂ¢Ã¢â€šÂ¬Ã‚Â¡ÃƒÆ’Ã‚Â¦ÃƒÂ¢Ã¢â€šÂ¬Ãƒâ€šÃ‚Â¯ÃƒÆ’Ã‚Â¥ÃƒÂ¢Ã¢â€šÂ¬Ã‚Â¡Ãƒâ€šÃ‚Âº	(ÃƒÆ’Ã‚Â¤Ãƒâ€šÃ‚Â¸ÃƒÂ¢Ã¢â€šÂ¬Ã‚Â°)ÃƒÆ’Ã‚Â¨Ãƒâ€šÃ‚Â³ÃƒÂ¢Ã¢â€šÂ¬Ã‚Â¡ÃƒÆ’Ã‚Â¦Ãƒâ€¦Ã¢â‚¬Å“Ãƒâ€šÃ‚Â¬ÃƒÆ’Ã‚Â¦ÃƒÂ¢Ã¢â€šÂ¬Ãƒâ€šÃ‚Â¶ÃƒÆ’Ã‚Â¦ÃƒÂ¢Ã¢â€šÂ¬Ãƒâ€šÃ‚Â¯ÃƒÆ’Ã‚Â§Ãƒâ€¦Ã‚Â¸ÃƒÆ’Ã‚Â§Ãƒâ€šÃ‚ÂµÃƒÂ¢Ã¢â‚¬Å¡Ã‚Â¬ÃƒÆ’Ã‚Â¤Ãƒâ€šÃ‚Â¸ÃƒÂ¢Ã¢â€šÂ¬Ã‚Â°ÃƒÆ’Ã‚Â§Ãƒâ€¹Ã¢â‚¬Â Ãƒâ€šÃ‚Â°ÃƒÆ’Ã‚Â¦ÃƒÂ¢Ã¢â€šÂ¬Ã‚Â¢Ãƒâ€šÃ‚Â«ÃƒÆ’Ã‚Â§ÃƒÂ¢Ã¢â€šÂ¬Ã‚Â°ÃƒÂ¢Ã¢â€šÂ¬Ã‹Å“ÃƒÆ’Ã‚Â¯Ãƒâ€šÃ‚Â©Ãƒâ€šÃ‚Â«ÃƒÆ’Ã‚Â®Ãƒâ€šÃ‚Â¹ÃƒÂ¢Ã¢â€šÂ¬Ã‹Å“ÃƒÆ’Ã‚Â®Ãƒâ€šÃ‚ÂµÃƒÆ’Ã‚Â¡Ãƒâ€šÃ‚Â·
6e  /e  '`  ÃƒÆ’Ã†â€™Ãƒâ€šÃ‚ÂªÃƒÆ’Ã¢â‚¬Â¦ÃƒÂ¢Ã¢â€šÂ¬Ã¢â€žÂ¢  ÃƒÆ’Ã†â€™Ãƒâ€¦Ã‚Â S  ÃƒÆ’Ã‚Â¢ÃƒÂ¢Ã¢â€šÂ¬Ã…Â¾Ãƒâ€šÃ‚Â¢	
7
@}  !|  f  R  g  hÃƒÆ’Ã¢â‚¬Â¹ÃƒÂ¢Ã¢â€šÂ¬Ã‚Â 	
7	ÃƒÆ’Ã‚Â¢ÃƒÂ¢Ã¢â‚¬Å¡Ã‚Â¬Ãƒâ€¦Ã‚Â¡ÃƒÆ’Ã†â€™Ãƒâ€šÃ‚Â®]ÃƒÆ’Ã†â€™w(rkÃƒÆ’Ã¢â‚¬Â¦Ãƒâ€šÃ‚Â ÃƒÆ’Ã†â€™Ãƒâ€šÃ‚Â¸ÃƒÆ’Ã¢â‚¬Â¦ÃƒÂ¢Ã¢â€šÂ¬Ã¢â€žÂ¢ÃƒÆ’Ã‚Â¢ÃƒÂ¢Ã¢â€šÂ¬Ã…Â¾Ãƒâ€šÃ‚Â¢)7ÃƒÆ’Ã¢â‚¬Å¡Ãƒâ€šÃ‚Â±@<0|<P|<p|<!ÃƒÆ’Ã†â€™Ãƒâ€šÃ‚Â§ÃƒÆ’Ã¢â‚¬Å¡Ãƒâ€šÃ‚Â¸ÃƒÆ’Ã¢â‚¬Å¡Ãƒâ€šÃ‚Â½ÃƒÆ’Ã†â€™Ãƒâ€šÃ‚Â©ÃƒÆ’Ã¢â‚¬Å¡Ãƒâ€šÃ‚Â ÃƒÆ’Ã†â€™Ãƒâ€šÃ‚Â§ÃƒÆ’Ã¢â‚¬Å¡Ãƒâ€šÃ‚Â®ÃƒÆ’Ã‚Â¢ÃƒÂ¢Ã¢â‚¬Å¡Ã‚Â¬ÃƒÂ¢Ã¢â€šÂ¬ÃƒÆ’Ã†â€™Ãƒâ€šÃ‚Â¥ÃƒÆ’Ã¢â‚¬Å¡Ãƒâ€šÃ‚Â½ÃƒÆ’Ã‚Â¢ÃƒÂ¢Ã¢â€šÂ¬Ã…Â¾Ãƒâ€šÃ‚Â¢ÃƒÆ’Ã†â€™Ãƒâ€šÃ‚Â§ÃƒÆ’Ã¢â‚¬Å¡Ãƒâ€šÃ‚Â·ÃƒÆ’Ã¢â‚¬Å¡Ãƒâ€šÃ‚Â¨!ÃƒÆ’Ã†â€™Ãƒâ€šÃ‚Â¤ÃƒÆ’Ã¢â‚¬Å¡Ãƒâ€šÃ‚Â¸ÃƒÆ’Ã†â€™Ãƒâ€šÃ‚Â¨ÃƒÆ’Ã¢â‚¬Å¡Ãƒâ€šÃ‚Â¯ÃƒÆ’Ã†â€™Ãƒâ€šÃ‚Â¦ÃƒÆ’Ã¢â‚¬Å¡Ãƒâ€šÃ‚Â°ÃƒÆ’Ã‚Â¢ÃƒÂ¢Ã¢â‚¬Å¡Ã‚Â¬Ãƒâ€¹Ã…â€œÃƒÆ’Ã†â€™Ãƒâ€šÃ‚Â¥ÃƒÆ’Ã¢â‚¬Â¦ÃƒÂ¢Ã¢â€šÂ¬Ã…â€œÃƒÆ’Ã‚Â¢ÃƒÂ¢Ã¢â‚¬Å¡Ã‚Â¬Ãƒâ€šÃ‚Â¹!ÃƒÆ’Ã†â€™Ãƒâ€šÃ‚Â¤ÃƒÆ’Ã¢â‚¬Å¡Ãƒâ€šÃ‚Â¹ÃƒÆ’Ã†â€™Ãƒâ€šÃ‚Â¥Nt^ÃƒÆ’Ã¢â‚¬Å¡Ãƒâ€šÃ‚Â±^   ÃƒÆ’Ã†â€™Ãƒâ€šÃ‚Â¥ÃƒÆ’Ã‚Â¢ÃƒÂ¢Ã¢â‚¬Å¡Ã‚Â¬ÃƒÂ¢Ã¢â€šÂ¬Ã…â€œÃƒÆ’Ã¢â‚¬Å¡Ãƒâ€šÃ‚Â®ÃƒÆ’Ã†â€™Ãƒâ€šÃ‚Â¤ÃƒÆ’Ã¢â‚¬Å¡Ãƒâ€šÃ‚Â½ÃƒÆ’Ã†â€™Ãƒâ€šÃ‚Â¯ÃƒÆ’Ã¢â‚¬Å¡Ãƒâ€šÃ‚Â¼ÃƒÆ’Ã¢â‚¬Â¦Ãƒâ€šÃ‚Â¡ÃƒÆ’Ã†â€™Ãƒâ€šÃ‚Â¦ÃƒÆ’Ã‚Â¢ÃƒÂ¢Ã¢â‚¬Å¡Ã‚Â¬ÃƒÂ¢Ã¢â€šÂ¬Ã…â€œÃƒÆ’Ã¢â‚¬Å¡Ãƒâ€šÃ‚Â°ÃƒÆ’Ã†â€™Ãƒâ€šÃ‚Â¨ÃƒÆ’Ã‚Â¢ÃƒÂ¢Ã¢â‚¬Å¡Ã‚Â¬Ãƒâ€šÃ‚Â¡ÃƒÆ’Ã¢â‚¬Å¡Ãƒâ€šÃ‚ÂºÃƒÆ’Ã†â€™Ãƒâ€šÃ‚Â¥ÃƒÆ’Ã¢â‚¬Å¡Ãƒâ€šÃ‚Â¹ÃƒÆ’Ã¢â‚¬Å¡Ãƒâ€šÃ‚Â£ÃƒÆ’Ã†â€™Ãƒâ€šÃ‚Â¥ÃƒÆ’Ã¢â‚¬Â ÃƒÂ¢Ã¢â€šÂ¬Ã¢â€žÂ¢ÃƒÆ’Ã†â€™Ãƒâ€šÃ‚Â¥ÃƒÆ’Ã‚Â¢ÃƒÂ¢Ã¢â‚¬Å¡Ã‚Â¬Ãƒâ€šÃ‚Â¦ÃƒÆ’Ã¢â‚¬Â ÃƒÂ¢Ã¢â€šÂ¬Ã¢â€žÂ¢ÃƒÆ’Ã†â€™Ãƒâ€šÃ‚Â¦ÃƒÆ’Ã‚Â¢ÃƒÂ¢Ã¢â‚¬Å¡Ã‚Â¬ÃƒÆ’Ã¢â‚¬Å¡Ãƒâ€šÃ‚Â¶ÃƒÆ’Ã†â€™Ãƒâ€šÃ‚Â¦ÃƒÆ’Ã‚Â¢ÃƒÂ¢Ã¢â‚¬Å¡Ã‚Â¬ÃƒÆ’Ã¢â‚¬Å¡Ãƒâ€šÃ‚Â¯ÃƒÆ’Ã†â€™Ãƒâ€šÃ‚Â¦ÃƒÆ’Ã‚Â¢ÃƒÂ¢Ã¢â€šÂ¬Ã…Â¡Ãƒâ€šÃ‚Â¬ÃƒÆ’Ã¢â‚¬Å¡Ãƒâ€šÃ‚Â§ÃƒÆ’Ã†â€™Ãƒâ€šÃ‚Â¨ÃƒÆ’Ã¢â‚¬Å¡Ãƒâ€šÃ‚Â³ÃƒÆ’Ã¢â‚¬Å¡Ãƒâ€šÃ‚ÂªÃƒÆ’Ã†â€™Ãƒâ€šÃ‚Â¨ÃƒÆ’Ã¢â‚¬Å¡Ãƒâ€šÃ‚Â¡ÃƒÆ’Ã¢â‚¬Å¡Ãƒâ€šÃ‚Â¨      ÃƒÆ’Ã†â€™Ãƒâ€šÃ‚Â©ÃƒÆ’Ã¢â‚¬Å¡Ãƒâ€šÃ‚Â ÃƒÆ’Ã‚Â¢ÃƒÂ¢Ã¢â‚¬Å¡Ã‚Â¬Ãƒâ€šÃ‚Â¦        ÃƒÆ’Ã†â€™Ãƒâ€šÃ‚Â§ÃƒÆ’Ã‚Â¢ÃƒÂ¢Ã¢â‚¬Å¡Ã‚Â¬Ãƒâ€šÃ‚ÂºÃƒÆ’Ã¢â‚¬Å¡Ãƒâ€šÃ‚Â®ÃƒÆ’Ã†â€™Ãƒâ€šÃ‚Â¦ÃƒÆ’Ã¢â‚¬Â¦ÃƒÂ¢Ã¢â€šÂ¬Ã…â€œÃƒÆ’Ã¢â‚¬Å¡Ãƒâ€šÃ‚Â¬ ÃƒÆ’Ã†â€™Ãƒâ€šÃ‚Â¥ÃƒÆ’Ã¢â‚¬Å¡Ãƒâ€šÃ‚Â¹ÃƒÆ’Ã¢â‚¬Å¡Ãƒâ€šÃ‚Â´ ÃƒÆ’Ã†â€™Ãƒâ€šÃ‚Â¥ÃƒÆ’Ã¢â‚¬Å¡Ãƒâ€šÃ‚ÂºÃƒÆ’Ã¢â‚¬Å¡Ãƒâ€šÃ‚Â¦ ÃƒÆ’Ã†â€™Ãƒâ€šÃ‚Â©ÃƒÆ’Ã¢â‚¬Å¡Ãƒâ€šÃ‚Â  ÃƒÆ’Ã†â€™Ãƒâ€šÃ‚Â§ÃƒÆ’Ã¢â‚¬Å¡Ãƒâ€šÃ‚Â®ÃƒÆ’Ã‚Â¢ÃƒÂ¢Ã¢â‚¬Å¡Ã‚Â¬ÃƒÂ¢Ã¢â€šÂ¬ ÃƒÆ’Ã†â€™Ãƒâ€šÃ‚Â¦ÃƒÆ’Ã‚Â¢ÃƒÂ¢Ã¢â‚¬Å¡Ã‚Â¬Ãƒâ€šÃ‚Â¢ÃƒÆ’Ã¢â‚¬Å¡Ãƒâ€šÃ‚Â¸ÃƒÆ’Ã†â€™Ãƒâ€šÃ‚Â¤ÃƒÆ’Ã¢â‚¬Å¡Ãƒâ€šÃ‚Â¸ÃƒÆ’Ã¢â‚¬Â¦Ãƒâ€šÃ‚Â  ÃƒÆ’Ã†â€™Ãƒâ€šÃ‚Â¥ÃƒÆ’Ã¢â‚¬Å¡Ãƒâ€šÃ‚Â¹ÃƒÆ’Ã¢â‚¬Å¡Ãƒâ€šÃ‚Â´ ÃƒÆ’Ã†â€™Ãƒâ€šÃ‚Â¥ÃƒÆ’Ã¢â‚¬Å¡Ãƒâ€šÃ‚ÂºÃƒÆ’Ã¢â‚¬Å¡Ãƒâ€šÃ‚Â¦ ÃƒÆ’Ã†â€™Ãƒâ€šÃ‚Â©ÃƒÆ’Ã¢â‚¬Å¡Ãƒâ€šÃ‚Â  ÃƒÆ’Ã†â€™Ãƒâ€šÃ‚Â§ÃƒÆ’Ã¢â‚¬Å¡Ãƒâ€šÃ‚Â®ÃƒÆ’Ã‚Â¢ÃƒÂ¢Ã¢â‚¬Å¡Ã‚Â¬ÃƒÂ¢Ã¢â€šÂ¬ ÃƒÆ’Ã†â€™Ãƒâ€šÃ‚Â¦ÃƒÆ’Ã‚Â¢ÃƒÂ¢Ã¢â‚¬Å¡Ã‚Â¬Ãƒâ€šÃ‚Â¢ÃƒÆ’Ã¢â‚¬Å¡Ãƒâ€šÃ‚Â¸	ÃƒÆ’Ã†â€™Ãƒâ€šÃ‚Â¥ÃƒÆ’Ã‚Â¢ÃƒÂ¢Ã¢â‚¬Å¡Ã‚Â¬Ãƒâ€šÃ‚Â° ÃƒÆ’Ã†â€™Ãƒâ€šÃ‚Â¦ÃƒÆ’Ã¢â‚¬Å¡Ãƒâ€šÃ‚Â¬ÃƒÆ’Ã¢â‚¬Å¡Ãƒâ€šÃ‚Â¡ ÃƒÆ’Ã†â€™Ãƒâ€šÃ‚Â¦ÃƒÆ’Ã¢â‚¬Å¡Ãƒâ€šÃ‚Â±ÃƒÆ’Ã¢â‚¬Å¡Ãƒâ€šÃ‚Âº ÃƒÆ’Ã†â€™Ãƒâ€šÃ‚Â§ÃƒÆ’Ã¢â‚¬Å¡Ãƒâ€šÃ‚Â®ÃƒÆ’Ã‚Â¢ÃƒÂ¢Ã¢â‚¬Å¡Ã‚Â¬ÃƒÂ¢Ã¢â€šÂ¬ ÃƒÆ’Ã†â€™Ãƒâ€šÃ‚Â¦ÃƒÆ’Ã‚Â¢ÃƒÂ¢Ã¢â‚¬Å¡Ã‚Â¬Ãƒâ€šÃ‚Â¢ÃƒÆ’Ã¢â‚¬Å¡Ãƒâ€šÃ‚Â¸ÃƒÆ’Ã†â€™Ãƒâ€šÃ‚Â¥ÃƒÆ’Ã¢â‚¬Å¡Ãƒâ€šÃ‚Â°ÃƒÆ’Ã†â€™Ãƒâ€šÃ‚Â§ÃƒÆ’Ã‚Â¢ÃƒÂ¢Ã¢â‚¬Å¡Ã‚Â¬Ãƒâ€šÃ‚Â¦ÃƒÆ’Ã¢â‚¬Å¡Ãƒâ€šÃ‚Â§ÃƒÆ’Ã†â€™Ãƒâ€šÃ‚Â§ÃƒÆ’Ã¢â‚¬Å¡Ãƒâ€šÃ‚Â§ÃƒÆ’Ã‚Â¢ÃƒÂ¢Ã¢â‚¬Å¡Ã‚Â¬Ãƒâ€¹Ã…â€œÃƒÆ’Ã†â€™Ãƒâ€šÃ‚Â§ÃƒÆ’Ã‚Â¢ÃƒÂ¢Ã¢â‚¬Å¡Ã‚Â¬Ãƒâ€šÃ‚ÂºÃƒÆ’Ã¢â‚¬Å¡Ãƒâ€šÃ‚Â®ÃƒÆ’Ã†â€™Ãƒâ€šÃ‚Â¦ÃƒÆ’Ã¢â‚¬Â¦ÃƒÂ¢Ã¢â€šÂ¬Ã…â€œÃƒÆ’Ã¢â‚¬Å¡Ãƒâ€šÃ‚Â¬ÃƒÆ’Ã†â€™Ãƒâ€šÃ‚Â¥ÃƒÆ’Ã¢â‚¬Å¡Ãƒâ€šÃ‚Â¹ÃƒÆ’Ã¢â‚¬Å¡Ãƒâ€šÃ‚Â´ÃƒÆ’Ã†â€™Ãƒâ€šÃ‚Â¥ÃƒÆ’Ã¢â‚¬Å¡Ãƒâ€šÃ‚ÂºÃƒÆ’Ã¢â‚¬Å¡Ãƒâ€šÃ‚Â¦ÃƒÆ’Ã†â€™Ãƒâ€šÃ‚Â©ÃƒÆ’Ã¢â‚¬Â ÃƒÂ¢Ã¢â€šÂ¬Ã¢â€žÂ¢ÃƒÆ’Ã¢â‚¬Å¡Ãƒâ€šÃ‚Â¨ÃƒÆ’Ã†â€™Ãƒâ€šÃ‚Â¥ÃƒÆ’Ã¢â‚¬Â¹ÃƒÂ¢Ã¢â€šÂ¬Ã‚Â ÃƒÆ’Ã‚Â¢ÃƒÂ¢Ã¢â‚¬Å¡Ã‚Â¬Ãƒâ€šÃ‚Â ÃƒÆ’Ã†â€™Ãƒâ€šÃ‚Â¨ÃƒÆ’Ã¢â‚¬Â¹ÃƒÂ¢Ã¢â€šÂ¬Ã‚Â ÃƒÆ’Ã‚Â¢ÃƒÂ¢Ã¢â‚¬Å¡Ã‚Â¬Ãƒâ€šÃ‚Â¡ÃƒÆ’Ã†â€™Ãƒâ€šÃ‚Â§ÃƒÆ’Ã¢â‚¬Å¡Ãƒâ€šÃ‚Â°ÃƒÆ’Ã¢â‚¬Å¡Ãƒâ€šÃ‚Â¡ÃƒÆ’Ã†â€™Ãƒâ€šÃ‚Â¦ÃƒÆ’Ã¢â‚¬Â¹Ãƒâ€¦Ã¢â‚¬Å“ÃƒÆ’Ã¢â‚¬Â¦Ãƒâ€šÃ‚Â½ÃƒÆ’Ã†â€™Ãƒâ€šÃ‚Â¦ÃƒÆ’Ã¢â‚¬Å¡Ãƒâ€šÃ‚Â¯ÃƒÆ’Ã‚Â¢ÃƒÂ¢Ã¢â‚¬Å¡Ã‚Â¬ÃƒÆ’Ã†â€™Ãƒâ€šÃ‚Â¨ÃƒÆ’Ã¢â‚¬Å¡Ãƒâ€šÃ‚Â¼ÃƒÆ’Ã¢â‚¬Â ÃƒÂ¢Ã¢â€šÂ¬Ã¢â€žÂ¢ÃƒÆ’Ã†â€™Ãƒâ€šÃ‚Â¥ÃƒÆ’Ã¢â‚¬Â¹ÃƒÂ¢Ã¢â€šÂ¬Ã‚Â ÃƒÆ’Ã‚Â¢ÃƒÂ¢Ã¢â‚¬Å¡Ã‚Â¬Ãƒâ€šÃ‚Â ÃƒÆ’Ã†â€™Ãƒâ€šÃ‚Â¦ÃƒÆ’Ã¢â‚¬Â¦Ãƒâ€šÃ‚Â¾ÃƒÆ’Ã†â€™Ãƒâ€šÃ‚Â¨ÃƒÆ’Ã¢â‚¬Å¡Ãƒâ€šÃ‚Â¡ÃƒÆ’Ã¢â‚¬Å¡Ãƒâ€šÃ‚Â¨ÃƒÆ’Ã†â€™Ãƒâ€šÃ‚Â¥ÃƒÆ’Ã‚Â¢ÃƒÂ¢Ã¢â‚¬Å¡Ã‚Â¬Ãƒâ€šÃ‚Â¹ÃƒÆ’Ã¢â‚¬Å¡Ãƒâ€šÃ‚Â¾ÃƒÆ’Ã†â€™Ãƒâ€šÃ‚Â§ÃƒÆ’Ã¢â‚¬Å¡Ãƒâ€šÃ‚Â¨ÃƒÆ’Ã¢â‚¬Å¡Ãƒâ€šÃ‚Â½ÃƒÆ’Ã†â€™Ãƒâ€šÃ‚Â¤ÃƒÆ’Ã¢â‚¬Å¡Ãƒâ€šÃ‚Â¸ÃƒÆ’Ã¢â‚¬Â¦Ãƒâ€šÃ‚Â ÃƒÆ’Ã†â€™Ãƒâ€šÃ‚Â¥ÃƒÆ’Ã¢â‚¬Å¡Ãƒâ€šÃ‚Â¹ÃƒÆ’Ã¢â‚¬Å¡Ãƒâ€šÃ‚Â´ÃƒÆ’Ã†â€™Ãƒâ€šÃ‚Â¥ÃƒÆ’Ã¢â‚¬Å¡Ãƒâ€šÃ‚ÂºÃƒÆ’Ã¢â‚¬Å¡Ãƒâ€šÃ‚Â¦ÃƒÆ’Ã†â€™Ãƒâ€šÃ‚Â©ÃƒÆ’Ã¢â‚¬Â ÃƒÂ¢Ã¢â€šÂ¬Ã¢â€žÂ¢ÃƒÆ’Ã¢â‚¬Å¡Ãƒâ€šÃ‚Â¨ÃƒÆ’Ã†â€™Ãƒâ€šÃ‚Â¥ÃƒÆ’Ã¢â‚¬Â¹ÃƒÂ¢Ã¢â€šÂ¬Ã‚Â ÃƒÆ’Ã‚Â¢ÃƒÂ¢Ã¢â‚¬Å¡Ã‚Â¬Ãƒâ€šÃ‚Â ÃƒÆ’Ã†â€™Ãƒâ€šÃ‚Â¨ÃƒÆ’Ã¢â‚¬Â¹ÃƒÂ¢Ã¢â€šÂ¬Ã‚Â ÃƒÆ’Ã‚Â¢ÃƒÂ¢Ã¢â‚¬Å¡Ã‚Â¬Ãƒâ€šÃ‚Â¡ÃƒÆ’Ã†â€™Ãƒâ€šÃ‚Â§ÃƒÆ’Ã¢â‚¬Å¡Ãƒâ€šÃ‚Â°ÃƒÆ’Ã¢â‚¬Å¡Ãƒâ€šÃ‚Â¡ÃƒÆ’Ã†â€™Ãƒâ€šÃ‚Â¦ÃƒÆ’Ã¢â‚¬Â¹Ãƒâ€¦Ã¢â‚¬Å“ÃƒÆ’Ã¢â‚¬Â¦Ãƒâ€šÃ‚Â½ÃƒÆ’Ã†â€™Ãƒâ€šÃ‚Â¦ÃƒÆ’Ã¢â‚¬Å¡Ãƒâ€šÃ‚Â¯ÃƒÆ’Ã‚Â¢ÃƒÂ¢Ã¢â‚¬Å¡Ã‚Â¬ÃƒÆ’Ã†â€™Ãƒâ€šÃ‚Â¨ÃƒÆ’Ã¢â‚¬Å¡Ãƒâ€šÃ‚Â¼ÃƒÆ’Ã¢â‚¬Â ÃƒÂ¢Ã¢â€šÂ¬Ã¢â€žÂ¢ÃƒÆ’Ã†â€™Ãƒâ€šÃ‚Â¨ÃƒÆ’Ã¢â‚¬Å¡Ãƒâ€šÃ‚Â¡ÃƒÆ’Ã¢â‚¬Å¡Ãƒâ€šÃ‚Â¨ÃƒÆ’Ã†â€™Ãƒâ€šÃ‚Â¥ÃƒÆ’Ã‚Â¢ÃƒÂ¢Ã¢â‚¬Å¡Ã‚Â¬Ãƒâ€šÃ‚Â¹ÃƒÆ’Ã¢â‚¬Å¡Ãƒâ€šÃ‚Â¾ÃƒÆ’Ã†â€™Ãƒâ€šÃ‚Â§ÃƒÆ’Ã¢â‚¬Å¡Ãƒâ€šÃ‚Â¨ÃƒÆ’Ã¢â‚¬Å¡Ãƒâ€šÃ‚Â½ÃƒÆ’Ã†â€™Ãƒâ€šÃ‚Â¥ÃƒÆ’Ã‚Â¢ÃƒÂ¢Ã¢â‚¬Å¡Ã‚Â¬Ãƒâ€šÃ‚Â°ÃƒÆ’Ã†â€™Ãƒâ€šÃ‚Â¥ÃƒÆ’Ã¢â‚¬Å¡Ãƒâ€šÃ‚Â¹ÃƒÆ’Ã¢â‚¬Å¡Ãƒâ€šÃ‚Â´ÃƒÆ’Ã†â€™Ãƒâ€šÃ‚Â¥ÃƒÆ’Ã¢â‚¬Å¡Ãƒâ€šÃ‚ÂºÃƒÆ’Ã¢â‚¬Å¡Ãƒâ€šÃ‚Â¦ÃƒÆ’Ã†â€™Ãƒâ€šÃ‚Â©ÃƒÆ’Ã¢â‚¬Â ÃƒÂ¢Ã¢â€šÂ¬Ã¢â€žÂ¢ÃƒÆ’Ã¢â‚¬Å¡Ãƒâ€šÃ‚Â¨ÃƒÆ’Ã†â€™Ãƒâ€šÃ‚Â¥ÃƒÆ’Ã¢â‚¬Â¹ÃƒÂ¢Ã¢â€šÂ¬Ã‚Â ÃƒÆ’Ã‚Â¢ÃƒÂ¢Ã¢â‚¬Å¡Ã‚Â¬Ãƒâ€šÃ‚Â ÃƒÆ’Ã†â€™Ãƒâ€šÃ‚Â¨ÃƒÆ’Ã¢â‚¬Â¹ÃƒÂ¢Ã¢â€šÂ¬Ã‚Â ÃƒÆ’Ã‚Â¢ÃƒÂ¢Ã¢â‚¬Å¡Ã‚Â¬Ãƒâ€šÃ‚Â¡ÃƒÆ’Ã†â€™Ãƒâ€šÃ‚Â§ÃƒÆ’Ã¢â‚¬Å¡Ãƒâ€šÃ‚Â°ÃƒÆ’Ã¢â‚¬Å¡Ãƒâ€šÃ‚Â¡ÃƒÆ’Ã†â€™Ãƒâ€šÃ‚Â¦ÃƒÆ’Ã¢â‚¬Â¹Ãƒâ€¦Ã¢â‚¬Å“ÃƒÆ’Ã¢â‚¬Â¦Ãƒâ€šÃ‚Â½ÃƒÆ’Ã†â€™Ãƒâ€šÃ‚Â¦ÃƒÆ’Ã¢â‚¬Å¡Ãƒâ€šÃ‚Â¯ÃƒÆ’Ã‚Â¢ÃƒÂ¢Ã¢â‚¬Å¡Ã‚Â¬ÃƒÆ’Ã†â€™Ãƒâ€šÃ‚Â¨ÃƒÆ’Ã¢â‚¬Å¡Ãƒâ€šÃ‚Â¼ÃƒÆ’Ã¢â‚¬Â ÃƒÂ¢Ã¢â€šÂ¬Ã¢â€žÂ¢ÃƒÆ’Ã†â€™Ãƒâ€šÃ‚Â¨ÃƒÆ’Ã¢â‚¬Å¡Ãƒâ€šÃ‚Â¡ÃƒÆ’Ã¢â‚¬Å¡Ãƒâ€šÃ‚Â¨ÃƒÆ’Ã†â€™Ãƒâ€šÃ‚Â¥ÃƒÆ’Ã‚Â¢ÃƒÂ¢Ã¢â‚¬Å¡Ã‚Â¬Ãƒâ€šÃ‚Â¹ÃƒÆ’Ã¢â‚¬Å¡Ãƒâ€šÃ‚Â¾ÃƒÆ’Ã†â€™Ãƒâ€šÃ‚Â§ÃƒÆ’Ã¢â‚¬Å¡Ãƒâ€šÃ‚Â¨ÃƒÆ’Ã¢â‚¬Å¡Ãƒâ€šÃ‚Â½ÃƒÆ’Ã†â€™Ãƒâ€šÃ‚Â¦ÃƒÆ’Ã¢â‚¬Â¦ÃƒÂ¢Ã¢â€šÂ¬Ã…â€œÃƒÆ’Ã¢â‚¬Å¡Ãƒâ€šÃ‚Â¬ÃƒÆ’Ã†â€™Ãƒâ€šÃ‚Â¥ÃƒÆ’Ã¢â‚¬Å¡Ãƒâ€šÃ‚Â¹ÃƒÆ’Ã¢â‚¬Å¡Ãƒâ€šÃ‚Â´ÃƒÆ’Ã†â€™Ãƒâ€šÃ‚Â¥ÃƒÆ’Ã¢â‚¬Å¡Ãƒâ€šÃ‚ÂºÃƒÆ’Ã¢â‚¬Å¡Ãƒâ€šÃ‚Â¦ÃƒÆ’Ã†â€™Ãƒâ€šÃ‚Â©ÃƒÆ’Ã¢â‚¬Â ÃƒÂ¢Ã¢â€šÂ¬Ã¢â€žÂ¢ÃƒÆ’Ã¢â‚¬Å¡Ãƒâ€šÃ‚Â¨ÃƒÆ’Ã†â€™Ãƒâ€šÃ‚Â¥ÃƒÆ’Ã¢â‚¬Â¹ÃƒÂ¢Ã¢â€šÂ¬Ã‚Â ÃƒÆ’Ã‚Â¢ÃƒÂ¢Ã¢â‚¬Å¡Ã‚Â¬Ãƒâ€šÃ‚Â ÃƒÆ’Ã†â€™Ãƒâ€šÃ‚Â¨ÃƒÆ’Ã¢â‚¬Â¹ÃƒÂ¢Ã¢â€šÂ¬Ã‚Â ÃƒÆ’Ã‚Â¢ÃƒÂ¢Ã¢â‚¬Å¡Ã‚Â¬Ãƒâ€šÃ‚Â¡ÃƒÆ’Ã†â€™Ãƒâ€šÃ‚Â¨ÃƒÆ’Ã¢â‚¬Â¦Ãƒâ€šÃ‚Â¾ÃƒÆ’Ã†â€™Ãƒâ€šÃ‚Â¨ÃƒÆ’Ã¢â‚¬Å¡Ãƒâ€šÃ‚Â³ÃƒÆ’Ã‚Â¢ÃƒÂ¢Ã¢â‚¬Å¡Ã‚Â¬Ãƒâ€šÃ‚Â¡ÃƒÆ’Ã†â€™Ãƒâ€šÃ‚Â¨ÃƒÆ’Ã¢â‚¬Å¡Ãƒâ€šÃ‚ÂªÃƒÆ’Ã¢â‚¬Å¡Ãƒâ€šÃ‚Â¿ÃƒÆ’Ã†â€™Ãƒâ€šÃ‚Â¥ÃƒÆ’Ã¢â‚¬Å¡Ãƒâ€šÃ‚ÂºÃƒÆ’Ã¢â‚¬Å¡Ãƒâ€šÃ‚Â¦ÃƒÆ’Ã†â€™Ãƒâ€šÃ‚Â¨ÃƒÆ’Ã¢â‚¬Å¡Ãƒâ€šÃ‚Â²ÃƒÆ’Ã¢â‚¬Å¡Ãƒâ€šÃ‚Â¡ÃƒÆ’Ã†â€™Ãƒâ€šÃ‚",,"",,,,,
"","",,"",,"",,"","","","","",""
"","","","","","","",,,,,,
"","444200125","100","435625943","100","485918942","100","","ERROR","ERROR","ERROR","","ERROR"
"","110319816","24.84","121870085","27.98","176897405","36.4","","ERROR","ERROR","ERROR","","ERROR"
"","81822646","18.42","84412318","19.38","108917725","22.41",,,,,,
"","252057663","56.74","229343540","52.64","200103812","41.19",,,,,,
"","380747602","100","389543091","100","462341198","100","","ERROR","ERROR","ERROR","","ERROR"
"","366480622","96.26","376306715","96.6","457310436","98.91",,,,,,
"","11471427","3.01","9845909","2.53","5027947","1.09","","ERROR","ERROR","ERROR","","ERROR"
"","2795553","0.73","3390467","0.87","2815","0","",,"ERROR",,,
"","63452523",,"46082852",,"23577744",,,,,,,
,,,,,,,,,,,,
"",,,,,,,,,,,,
"","3424433","100","13597802","100","5506450","100",,,,,"","ERROR"
"","3012316","87.97","12758621","93.83","2243685","40.75",,,,,"","ERROR"
"","412117","12.03","839181","6.17","3262765","59.25",,,,,,
"","69950605","100","83323170","100","124030554","100",,,,,"","ERROR"
"","65665265","93.87","78201065","93.86","119804435","96.59",,,,,,
"","1284167","1.84","2251843","2.7","3891908","3.14",,,,,,
"","3001173","4.29","2870262","3.44","334211","0.27","",,"ERROR",,,
"","-66526172",,"-69725368",,"-118524104",,,,,,,
"","-3073649",,"-23642516",,"-94946360",,"","ERROR","ERROR","ERROR","ERROR",
,,,,,,,,,,,,,,,,,,,,,,
,,,,,,,,,,,,,,,,,,,,,,
,,,,,,,
,,,,,,,
,,,,,,,
,,,
